Species,Subspecies,Preliminary,Collector,Colnumber,Herbarium,Group,Country,Area,Status,Latitude,Dlatitude,Longitude,Dlongitude,Elevation,Stemlength,Stemdiameter,Petiole,Rachislen,Numpin,Pinlength,Pinwidth,Apjoin,Stinflolen,Straclen,Pisinflolen,Psraclen,Fruitlen,Fruitdiam,Solclu,Climbs,Sheath,Mottle,Dactyl,Elasti,Latifo,Hetera,Unifar,Dasyac,Discol,Phispi,Bulbou,Swelli,Gracil,Needle,Pholid,Petmar,Upward,Pachys,Hairli,Scabrid,Exilis,Intersp,Horseh,Ingens,Siphon,Minute,Moti,Spiral,Detach,Spicul,Nospin,Latmar,Spines,Corrug,Ocrflo,Ocrpog,Ocrlep,Ocrlae,Ocrdiv,Ocrcil,Ocrwal,Ocrpoi,Ocrpal,Ocrlon,Ocrtru,Ocrset,Ocrerin,Ocrsip,Ocrcon,Ocrgur,Ocrper,Ocrrho,Ocrjav,Ocrpse,Ocrpip,Ocrurs,Ocrrha,Flagel,Rachis,Rachil,Wooly,Racir,Pinnae,Pinsha,Divari,Insign,Hairy,Specta,Grayis,Erinac,Reddis,Tufted,Phvein,Sweptb,Proxim,Distal,Pinfew,Semelp,Rootin,Infpos,Infdae,Inflag,Infall,Infper,Inferi,Infpal,Infaru,Pedunc,Prophy,Murpro,Pedice,Piviti,Piinop,Pilobb,Pidisp,Pidimo,Pirecu,Picand,Rbcalo,Rbcera,Rbtatt,Rbpalu,Rbconi,Rbviti,Rbtubu,Rbanom,Rbplat,Rberin,Rbpogo,Rbsiph,Rbdaem,Piptos,Papery,Fimbri,Racped,Polyst,Retisp,Raclon,Ciliar,Laevig,Murica,Staord,Rblack,Starrg,Stflel,Sepals,Sepfle,Exsert,Stamen,Filame,Pisord,Ppdiva,Ridley,Tetrad,Pirasp,Cellat,Dyaped,Bracte,Pistom,Neuter,Cupula,Frshap,Perian,Scales,Dragon,Glossy,Fringe,Seeded,Attach,Renifo,Seedsu,Sarcot,Raphe,Endosp,Embryo,Frucol
C. concolor,,Ce. concolor,Anon,s.n.,L,Ceratolobus,Indonesia,Sumatra,pistillate,,,,,,,,1,35,5,18.7,8,,,,,0.8,,,,1,0,4,2,1,1,1,1,1,1,1,1,1,1,1,1,1,1,1,1,1,3,2,7,2,1,1,2,1,2,0,1,1,2,1,1,1,1,1,0,2,1,1,1,3,1,1,3,1,1,1,2,1,1,1,1,1,1,,1,2,1,7,0,4,1,1,2,2,2,1,1,1,1,1,0,1,1,1,1,,0,1,1,1,1,1,1,4,,1,1,1,1,1,1,1,1,1,1,0,1,2,1,1,2,2,1,1,1,1,2,,1,1,1,1,1,1,1,1,1,,,,,,,,,,1,1,1,0,1,1,0,2,1,1,0,0,,1,1,1,2,0,1,0,0,2,1,1,0,
C. concolor,,Ce. concolor,J. Dransfield,4160,BO,Ceratolobus,Indonesia,Sumatra,?,2.07,-2.11,101.15,101.25,500,3,0.99,6,45,6,20.3,8,,,,,,,,1,1,0,4,2,1,1,1,1,1,1,1,1,1,1,1,1,1,1,1,1,1,3,2,7,2,1,1,2,1,2,0,1,1,2,1,1,1,1,1,0,2,1,1,1,3,1,1,3,1,1,1,2,1,1,1,1,1,1,,1,2,1,7,0,4,1,1,2,2,2,1,1,1,1,1,0,1,1,1,1,,0,1,1,1,1,1,1,4,4,1,1,1,1,1,1,1,1,1,1,0,1,2,1,1,2,2,1,1,1,1,2,5,1,1,1,1,1,1,1,1,1,,,,,,,,,,,,,,,,,,,,,,,,,,,,,,,,,,,
C. concolor,,Ce. concolor,O. Beccari,525,FI,Ceratolobus,Indonesia,Sumatra,sterile,0.29,-0.48,100.2,100.33,,,0.51,5,28.5,5,12.7,4.6,,,,,,,,,1,0,4,2,1,1,1,1,1,1,1,1,1,1,1,1,1,1,1,1,1,3,2,7,2,1,1,2,1,2,,1,1,2,1,1,1,1,1,0,2,1,1,1,3,1,1,3,1,1,1,2,1,1,1,1,1,1,,1,2,1,7,0,4,1,1,2,2,2,0,1,1,1,1,1,1,1,,,,,,,,,,,,,,,,,,,,,,,,,,,,,,,,,,,,,,,,,,,,,,,,,,,,,,,,,,,,,,,,,,,,,,,,,,,,,,,
C. concolor,,Ce. concolor,P. Korthals,s.n.,L,Ceratolobus,Indonesia,Sumatra,pistillate,0.28,-0.46,100.19,100.31,,,0.72,5,,,14.5,5,,,,,,,,,1,0,4,2,1,1,1,1,1,1,1,1,1,1,1,1,1,1,1,1,1,3,2,7,2,1,1,2,1,2,0,1,1,2,1,1,1,1,1,0,2,1,1,1,3,1,1,3,1,1,1,2,1,1,1,1,1,1,,1,2,1,7,0,4,1,1,2,2,2,1,1,1,1,1,1,1,1,,,,,,,,,,,,,,,,,,,,,,,,,,,,,,,,,,,,,,,,,,,,,,,,,,,,,,,,,,,,,,,,,,,1,1,1,2,0,1,0,0,2,1,1,0,
C. disjunctus,,Ce. concolor,A. Abas,SAN 86044,K,Ceratolobus,Malaysia,Borneo,pistillate,5.2,5.33,116.1,116.16,,,0.9,1,,,14.7,4.4,,,,,,12.3,11,,1,0,4,2,1,1,1,1,1,1,1,1,1,1,1,1,1,1,1,1,1,3,2,7,2,1,1,2,1,2,0,1,1,2,1,1,1,1,1,0,2,1,1,1,3,1,1,3,1,1,1,2,1,1,1,1,1,1,,1,2,1,7,0,4,1,1,2,2,2,1,1,1,1,,,,1,1,1,0,0,1,1,1,1,1,1,3,4,1,1,1,1,1,1,1,1,1,1,0,1,2,1,1,2,2,1,1,1,1,2,5,1,1,1,1,1,1,1,1,1,,,,,,,,,,1,1,1,0,1,1,0,2,1,1,0,0,1,1,1,1,2,0,1,0,0,2,1,1,0,brownish
C. disjunctus,,Ce. concolor,A. Hoare,256,KEP,Ceratolobus,Malaysia,Borneo,sterile,,,,,950,4,0.94,1,,,20,5.3,,,,,,,,,1,0,4,2,1,1,1,1,1,1,1,1,1,1,1,1,1,1,1,1,1,3,2,7,2,1,1,2,1,2,0,1,1,2,1,1,1,1,1,0,2,1,1,1,3,1,1,3,1,1,1,2,1,1,1,1,1,1,,1,2,1,7,0,4,1,1,2,2,2,1,1,1,1,0,0,1,1,,,,,,,,,,,,,,,,,,,,,,,,,,,,,,,,,,,,,,,,,,,,,,,,,,,,,,,,,,,,,,,,,,,,,,,,,,,,,,,
C. disjunctus,,Ce. concolor,Ambri,AA356,L,Ceratolobus,Indonesia,Borneo,?,1.01,-1.01,117,117,50,7,0.87,3.4,,,14.2,5,,,,,,,,,1,0,4,2,1,1,1,1,1,1,1,1,1,1,1,1,1,1,1,1,1,3,2,7,2,1,1,2,1,2,0,1,1,2,1,1,1,1,1,0,2,1,1,1,3,1,1,3,1,1,1,2,1,1,1,1,1,1,,1,2,1,7,0,4,1,1,2,2,2,1,1,1,1,0,0,1,1,1,1,,,,,,,,,,,,,,,,,,,,,,,,,,,,,,,,,,,,,,,,,,,,,,,,,,,,,,,,,,,,,,,,,,,,,,,,,,,,,
C. disjunctus,,Ce. concolor,B. Lee,S.45452,K,Ceratolobus,Malaysia,Borneo,pistillate,2.32,2.53,114.04,114.06,300,,1.28,7,,,17.5,5.5,,,,,,,,,,,,,,,,,,,,,,,,,,,,,,,,,,,,,,,,,,,,,,,,,,,,,,,,,,,,,,,,,,,,,,,,,,,,,,,,,,,,,,,,,,,,,,,,,,,,,,,,,,,,,,,,,,,,,,,,,,,,,,,,,,,,,,,,,,,,,,,,,,,,,,,,,,,,,,,,,,,,,
C. disjunctus,,Ce. concolor,D. Awa,S.51047,NY,Ceratolobus,Malaysia,Borneo,pistillate,3.45,3.75,115.27,115.45,950,5,1,4.5,25.5,5,14.2,4.5,,,,,,,,,1,0,4,2,1,1,1,1,1,1,1,1,1,1,1,1,1,1,1,1,1,3,2,7,2,1,1,2,1,2,0,1,1,2,1,,,,,,,,,,,,,,,,,,,,,,,,,1,2,1,7,0,4,1,1,2,2,2,1,1,1,1,1,0,1,1,1,1,0,0,1,1,1,1,1,1,3,4,1,1,1,1,1,1,1,1,1,1,0,1,2,1,1,2,2,1,1,1,1,2,5,1,1,1,1,1,1,1,1,1,,,,,,,,,,,1,1,0,1,1,0,2,1,1,0,0,1,1,1,1,2,0,1,0,0,2,1,1,0,greenish-brown
C. disjunctus,,Ce. concolor,D. Sundaling,SAN 99457,K,Ceratolobus,Malaysia,Borneo,pistillate,5.42,5.7,118.23,118.38,700,5,1.19,,,7,18.5,9.3,,34,,,,,,1,1,0,4,2,1,1,1,1,1,1,1,1,1,1,1,1,1,1,1,1,1,3,2,7,2,1,1,2,1,2,0,1,1,2,1,1,1,1,1,0,2,1,1,1,3,1,1,3,1,1,1,2,1,1,1,1,1,1,,1,2,1,7,0,4,1,1,2,2,2,1,1,1,1,1,1,1,1,1,1,0,0,1,1,1,1,1,1,3,4,1,1,1,1,1,1,1,1,1,1,0,1,2,1,1,2,2,1,1,1,1,2,5,1,1,1,1,1,1,1,1,1,,,,,,,,,,,,,,,,,,,,,,,,,,,,,,,,,,,
C. disjunctus,,Ce. concolor,D. Tadong,502,K,Ceratolobus,Malaysia,Borneo,pistillate,6.07,6.11,116.43,116.71,,,0.9,,,,19,6.4,,,,,,,,,,,,,,,,,,,,,,,,,,,,,,,,,,,,,,,,,,,,,,,,,,,,,,,,,,,,,,,,,,,,,,,,,,,,,,,,,,,,,,,,,,,,,,,,,,,,,,,,,,,,,,,,,,,,,,,,,,,,,,,,,,,,,,,,,,,,,,,,,,,,,,,,,,,,,,,,,,,,,
C. disjunctus,,Ce. concolor,D. Tadong,722,KEP,Ceratolobus,Malaysia,Borneo,pistillate,6.07,6.11,116.43,116.71,,,1.11,2,,,19,6.5,,,,26.5,,,,,1,0,4,2,1,1,1,1,1,1,1,1,1,1,1,1,1,1,1,1,1,3,2,7,2,1,1,2,1,2,0,1,1,2,1,1,1,1,1,0,2,1,1,1,3,1,1,3,1,1,1,2,1,1,1,1,1,1,,1,2,1,7,0,4,1,1,2,2,2,1,1,1,1,0,0,1,1,1,1,,0,1,1,1,1,1,1,3,4,1,1,1,1,1,1,1,1,1,1,0,1,2,1,1,2,2,1,1,1,1,2,5,1,1,1,1,1,1,1,1,1,,,,,,,,,,,1,1,0,1,1,0,2,1,1,0,0,1,1,1,1,2,,,,,,,,,
C. disjunctus,,Ce. concolor,Dewol,SAN 108845,K,Ceratolobus,Malaysia,Borneo,?,5.35,5.58,117.1,117.16,300,4,1.94,,,5,,,,,,,,,,1,1,0,4,2,1,1,1,1,1,1,1,1,1,1,1,1,1,1,1,1,1,3,2,7,2,1,1,2,1,2,0,1,1,2,1,1,1,1,1,0,2,1,1,1,3,1,1,3,1,1,1,2,1,1,1,1,1,1,,1,2,1,,0,4,1,1,2,2,2,1,1,1,1,1,1,1,,1,1,0,0,1,1,1,1,1,1,3,4,1,1,1,1,1,1,1,1,1,1,0,1,2,1,1,2,2,1,1,1,1,2,5,1,1,1,1,1,1,1,1,1,,,,,,,,,,,,,,,,,,,,,,,,,,,,,,,,,,,
C. disjunctus,,Ce. concolor,H. Christensen,473,K,Ceratolobus,Malaysia,Borneo,sterile,3.4,3.66,115.5,115.83,1300,,0.61,4.7,,4,18.5,4,,,,,,,,,,,,,,,,,,,,,,,,,,,,,,,,,,,,,,,,,,,,,,,,,,,,,,,,,,,,,,,,,,,,,,,,,,,,,,,,,,,,,,,,,,,,,,,,,,,,,,,,,,,,,,,,,,,,,,,,,,,,,,,,,,,,,,,,,,,,,,,,,,,,,,,,,,,,,,,,,,,,,
C. disjunctus,,Ce. concolor,H. Moore,9190,BH,Ceratolobus,Malaysia,Borneo,sterile,5.22,5.36,115.45,115.75,,,0.98,3.4,42.5,6,18.5,8,,,,,,,,,1,0,4,2,1,1,1,1,1,1,1,1,1,1,1,1,1,1,1,1,1,3,2,7,2,1,1,2,1,2,0,1,1,2,1,1,1,1,1,0,2,1,1,1,3,1,1,3,1,1,1,2,1,1,1,1,1,1,1,1,2,1,7,0,4,1,1,2,2,2,1,1,1,1,1,1,1,1,,,,,,,,,,,,,,,,,,,,,,,,,,,,,,,,,,,,,,,,,,,,,,,,,,,,,,,,,,,,,,,,,,,,,,,,,,,,,,,
C. disjunctus,,Ce. concolor,H. Soedjito,2189,BO,Ceratolobus,Indonesia,Borneo,pistillate,1.45,1.75,114.52,114.86,,,0.68,6,,4,10.2,4,,,,,,15.5,14,,1,0,4,2,1,1,1,1,1,1,1,1,1,1,1,1,1,1,1,1,1,3,2,7,2,1,1,2,1,2,0,1,1,2,1,1,1,1,1,0,2,1,1,1,3,1,1,3,1,1,1,2,1,1,1,1,1,1,,1,2,1,7,0,4,1,1,2,2,2,1,1,1,1,1,1,1,1,1,1,0,0,1,1,1,1,1,1,4,4,1,1,1,1,1,1,1,1,1,1,0,1,2,1,1,2,2,1,1,1,1,2,5,1,1,1,1,1,1,1,1,1,,,,,,,,,,1,1,1,0,1,1,0,2,1,1,0,0,,1,1,1,2,,,,,,,,,
C. disjunctus,,Ce. concolor,J. Andersen,158,KEP,Ceratolobus,Malaysia,Borneo,?,5.09,5.15,116,116,600,,1.02,0.5,,6,17.3,6,,,,,,,,,1,0,4,2,1,1,1,1,1,1,1,1,1,1,1,1,1,1,1,1,1,3,2,7,2,1,1,2,1,2,0,1,1,2,1,1,1,1,1,0,2,1,1,1,3,1,1,3,1,1,1,2,1,1,1,1,1,1,,1,2,1,7,0,4,1,1,2,2,2,1,1,1,1,0,0,1,1,1,1,0,0,1,1,1,1,1,1,3,4,1,1,1,1,1,1,1,1,1,1,0,1,2,1,1,2,2,1,1,1,1,2,5,1,1,1,1,1,1,1,1,1,,,,,,,,,,,,,,,,,,,,,,,,,,,,,,,,,,,
C. disjunctus,,Ce. concolor,J. Andersen,188,KEP,Ceratolobus,Malaysia,Borneo,?,5.4,5.66,116.1,116.16,1050,,1.04,1.5,,5,14,5.5,,,,,,,,,1,0,4,2,1,1,1,1,1,1,1,1,1,1,1,1,1,1,1,1,1,3,2,7,2,1,1,2,1,2,0,1,1,2,1,1,1,1,1,0,2,1,1,1,3,1,1,3,1,1,1,2,1,1,1,1,1,1,,1,2,1,7,0,4,1,1,2,2,2,1,1,1,1,0,0,1,1,1,1,0,0,1,1,1,1,1,1,3,4,1,1,1,1,1,1,1,1,1,1,0,1,2,1,1,2,2,1,1,1,1,2,5,1,1,1,1,1,1,1,1,1,,,,,,,,,,,,,,,,,,,,,,,,,,,,,,,,,,,
C. disjunctus,,Ce. concolor,J. Andersen,209,KEP,Ceratolobus,Malaysia,Borneo,sterile,4.5,4.83,117,117,571,3,0.81,4,,5,17,6,,,,,,,,,1,0,4,2,1,1,1,1,1,1,1,1,1,1,1,1,1,1,1,1,1,3,2,7,2,1,1,2,1,2,0,1,1,2,1,1,1,1,1,0,2,1,1,1,3,1,1,3,1,1,1,2,1,1,1,1,1,1,,1,2,1,7,0,4,1,1,2,2,2,1,1,1,1,0,,,1,,,,,,,,,,,,,,,,,,,,,,,,,,,,,,,,,,,,,,,,,,,,,,,,,,,,,,,,,,,,,,,,,,,,,,,,,,,,,,,
C. disjunctus,,Ce. concolor,J. Dransfield,2074,K,Ceratolobus,Indonesia,Borneo,sterile,1.54,-1.9,115.36,115.6,100,10,0.6,5,,10,17.5,5.5,,,,,,,,1,1,0,4,2,1,1,1,1,1,1,1,1,1,1,1,1,1,1,1,1,1,3,2,7,2,1,1,2,1,2,0,1,1,2,1,1,1,1,1,0,2,1,1,1,3,1,1,3,1,1,1,2,1,1,1,1,1,1,,1,2,1,7,0,4,1,1,2,2,2,1,1,1,1,1,1,1,1,,,,,,,,,,,,,,,,,,,,,,,,,,,,,,,,,,,,,,,,,,,,,,,,,,,,,,,,,,,,,,,,,,,,,,,,,,,,,,,
C. disjunctus,,Ce. concolor,J. Dransfield,2115,BO,Ceratolobus,Indonesia,Borneo,pistillate,1.54,-1.9,115.36,115.6,150,10,1.03,10,,6,15,7,,,,,,,,1,1,0,4,2,1,1,1,1,1,1,1,1,1,1,1,1,1,1,1,1,1,3,2,7,2,1,1,2,1,2,0,1,1,2,1,1,1,1,1,0,2,1,1,1,3,1,1,3,1,1,1,2,1,1,1,1,1,1,,1,2,1,7,0,4,1,1,2,2,2,1,1,1,1,1,1,1,1,1,1,0,0,1,1,1,1,1,1,4,4,1,1,1,1,1,1,1,1,1,1,0,1,2,1,1,2,2,1,1,1,1,2,5,1,1,1,1,1,1,1,1,1,,,,,,,,,,,,,,,,,,,,,,,,,,,,,,,,,,,orangey brown
C. disjunctus,,Ce. concolor,J. Dransfield,2814,SING,Ceratolobus,Indonesia,Borneo,staminate,2.35,-2.58,115.32,115.53,250,6,1.09,8,,4,29,7.5,,,,,,,,1,1,0,4,2,1,1,1,1,1,1,1,1,1,1,1,1,1,1,1,1,1,3,2,7,2,1,1,2,1,2,0,1,1,2,1,1,1,1,1,0,2,1,1,1,3,1,1,3,1,1,1,2,1,1,1,1,1,1,,1,2,1,7,0,4,1,1,2,2,2,1,1,1,1,1,1,1,1,1,1,0,0,1,1,1,1,1,1,4,4,1,1,1,1,1,1,1,1,1,1,0,1,2,1,1,2,2,1,1,1,1,2,5,1,1,1,1,1,1,1,1,1,,,,,,,,,,,,,,,,,,,,,,,,,,,,,,,,,,,
C. disjunctus,,Ce. concolor,J. Dransfield,4352,K,Ceratolobus,Indonesia,Borneo,staminate,0.3,-0.5,116.3,116.5,30,3,1.14,7,,6,18.5,6.5,,,,,,,,1,1,0,4,2,1,1,1,1,1,1,1,1,1,1,1,1,1,1,1,1,1,3,2,7,2,1,1,2,1,2,0,1,1,2,1,1,1,1,1,0,2,1,1,1,3,1,1,3,1,1,1,2,1,1,1,1,1,1,,1,2,1,,0,4,1,1,2,2,2,1,1,1,1,1,,,1,1,1,0,0,1,1,1,1,1,1,4,4,1,1,1,1,1,1,1,1,1,1,0,1,2,1,1,2,2,1,1,1,1,2,5,1,1,1,1,1,1,1,1,1,,,,,,,,,,,,,,,,,,,,,,,,,,,,,,,,,,,
C. disjunctus,,Ce. concolor,J. Dransfield,4404,BO,Ceratolobus,Indonesia,Borneo,sterile,0.3,-0.5,116.3,116.5,700,,0.59,,,,14,4.2,,,,,,,,,,,,,,,,,,,,,,,,,,,,,,,,,,,,,,,,,,,,,,,,,,,,,,,,,,,,,,,,,,,,,,,,,,,,,,,,,,,,,,,,,,,,,,,,,,,,,,,,,,,,,,,,,,,,,,,,,,,,,,,,,,,,,,,,,,,,,,,,,,,,,,,,,,,,,,,,,,,,,
C. disjunctus,,Ce. concolor,J. Dransfield,4676,BH,Ceratolobus,Malaysia,Borneo,pistillate,2.55,2.91,114.24,114.4,200,8,1.06,3.7,34,5,16.5,7,,,,,3.7,,,1,1,0,4,2,1,1,1,1,1,1,1,1,1,1,1,1,1,1,1,1,1,3,2,7,2,1,1,2,1,2,0,1,1,2,1,1,1,1,1,0,2,1,1,1,3,1,1,3,1,1,1,2,1,1,1,1,1,1,1,1,2,1,7,0,4,1,1,2,2,2,1,1,1,1,,0,1,1,1,1,,,,,,,,,,,,,,,,,,,,,,,,,,,,,,,,,,,,,,,,,,,,,,,,,,,,,1,1,0,1,1,0,2,1,1,0,0,1,1,1,1,2,0,1,,,,,,,
C. disjunctus,,Ce. concolor,J. Dransfield,4702,KEP,Ceratolobus,Malaysia,Borneo,pistillate,2.55,2.91,114.24,114.4,200,8,1.24,6,,5,13.3,8.2,,,,,,,,1,1,0,4,2,1,1,1,1,1,1,1,1,1,1,1,1,1,1,1,1,1,3,2,7,2,1,1,2,1,2,0,1,1,2,1,1,1,1,1,0,2,1,1,1,3,1,1,3,1,1,1,2,1,1,1,1,1,1,,1,2,1,7,0,4,1,1,2,2,2,1,1,1,1,1,1,1,1,,,,,,,,,,,,,,,,,,,,,,,,,,,,,,,,,,,,,,,,,,,,,,,,,,,,,,,,,,,,,,,,,,,,,,,,,,,,,,,
C. disjunctus,,Ce. concolor,J. Dransfield,4703,K,Ceratolobus,Malaysia,Borneo,staminate,2.55,2.91,114.24,114.4,200,8,0.85,4,,5,12.7,5.3,,26.5,0.5,,,,,1,1,0,4,2,1,1,1,1,1,1,1,1,1,1,1,1,1,1,1,1,1,3,2,7,2,1,1,2,1,2,0,1,1,2,1,1,1,1,1,0,2,1,1,1,3,1,1,3,1,1,1,2,1,1,1,1,1,1,,1,2,1,7,0,4,1,1,2,2,2,1,1,1,1,0,0,1,1,1,1,0,0,1,1,1,1,1,1,3,4,1,1,1,1,1,1,1,1,1,1,0,1,2,1,1,2,2,1,1,1,1,2,5,1,1,1,1,1,1,1,1,1,2,1,2,,,,,,,,,,,,,,,,,,,,,,,,,,,,,,,,
C. disjunctus,,Ce. concolor,J. Dransfield,5294,BH,Ceratolobus,Malaysia,Borneo,staminate,4.03,4.05,114.56,114.93,800,15,0.97,1.8,36,6,16,7,,26,,,,,,1,1,0,4,2,1,1,1,1,1,1,1,1,1,1,1,1,1,1,1,1,1,3,2,7,2,1,1,2,1,2,0,1,1,2,1,1,1,1,1,0,2,1,1,1,3,1,1,3,1,1,1,2,1,1,1,1,1,1,,1,2,1,7,0,4,1,1,2,2,2,1,1,1,1,1,0,1,1,1,1,0,0,1,1,1,1,1,1,3,4,1,1,1,1,1,1,1,1,1,1,0,1,2,1,1,2,2,1,1,1,1,2,5,1,1,1,1,1,1,1,1,1,,1,,,,,,,,,,,,,,,,,,,,,,,,,,,,,,,,,
C. disjunctus,,Ce. concolor,J. Dransfield,5514,K,Ceratolobus,Malaysia,Borneo,pistillate,5.28,5.46,116.16,116.26,,10,1.19,2.5,,,20.7,5.7,,,,27,,,,1,,,,,,,,,,,,,,,,,,,,,,,,,,,,,,,,,,,,,,,,,,,,,,,,,,,,,,,,,,,,,,,,,,,,,,,,,,,,,,,,,,,,,,,,,,,,,,,,,,,,,,,,,,,,,,,,,,,,,,,,,,,,,,,,,,,,,,,,,,,,,,,,,,,,,,,,,,,,,
C. disjunctus,,Ce. concolor,J. Dransfield,5518,K,Ceratolobus,Malaysia,Borneo,?,5.27,5.45,116.02,116.03,1000,10,1.13,,,,16,5.5,,,,,,,,,,,,,,,,,,,,,,,,,,,,,,,,,,,,,,,,,,,,,,,,,,,,,,,,,,,,,,,,,,,,,,,,,,,,,,,,,,,,,,,,,,,,,,,,,,,,,,,,,,,,,,,,,,,,,,,,,,,,,,,,,,,,,,,,,,,,,,,,,,,,,,,,,,,,,,,,,,,,,
C. disjunctus,,Ce. concolor,J. Dransfield,5589,K,Ceratolobus,Malaysia,Borneo,sterile,5.12,5.2,115.57,115.95,300,,1.12,,,,20.7,5.4,,,,,,,,,,,,,,,,,,,,,,,,,,,,,,,,,,,,,,,,,,,,,,,,,,,,,,,,,,,,,,,,,,,,,,,,,,,,,,,,,,,,,,,,,,,,,,,,,,,,,,,,,,,,,,,,,,,,,,,,,,,,,,,,,,,,,,,,,,,,,,,,,,,,,,,,,,,,,,,,,,,,,
C. disjunctus,,Ce. concolor,J. Dransfield,5714,K,Ceratolobus,Malaysia,Borneo,pistillate,5.2,5.33,115.45,115.75,100,,2.02,0,,6,24,9.7,,,,,,,,,,,,,,,,,,,,,,,,,,,,,,,,,,,,,,,,,,,,,,,,,,,,,,,,,,,,,,,,,,,,,,,,,,,,,,,,,,,,,,,,,,,,,,,,,,,,,,,,,,,,,,,,,,,,,,,,,,,,,,,,,,,,,,,,,,,,,,,,,,,,,,,,,,,,,,,,,,,,,
C. disjunctus,,Ce. concolor,J. Dransfield,5859,K,Ceratolobus,Malaysia,Borneo,pistillate,4.38,4.63,117.24,117.4,150,15,1.45,0,,6,19.2,6.4,,,,,,,,1,1,0,4,2,1,1,1,1,1,1,1,1,1,1,1,1,1,1,1,1,1,3,2,7,2,1,1,2,1,2,0,1,1,2,1,1,1,1,1,0,2,1,1,1,3,1,1,3,1,1,1,2,1,1,1,1,1,1,,1,2,1,7,0,4,1,1,2,2,2,1,1,1,1,0,0,1,1,,,,,,,,,,,,,,,,,,,,,,,,,,,,,,,,,,,,,,,,,,,,,,,,,,,,,,,,,,,,,,,,,,,,,,,,,,,,,,,pale brown
C. disjunctus,,Ce. concolor,J. Dransfield,6264,K,Ceratolobus,Malaysia,Borneo,pistillate,,,,,200,8,1.55,,,6,22,9.7,,,,,1.7,,,1,1,0,4,2,1,1,1,1,1,1,1,1,1,1,1,1,1,1,1,1,1,3,2,7,2,1,1,2,1,2,0,1,1,2,1,1,1,1,1,0,2,1,1,1,3,1,1,3,1,1,1,2,1,1,1,1,1,1,1,1,2,1,7,0,4,1,1,2,2,2,1,1,1,1,1,1,1,1,1,1,0,0,1,1,1,1,1,1,3,4,1,1,1,1,1,1,1,1,1,1,0,1,2,1,1,2,2,1,1,1,1,2,5,1,1,1,1,1,1,1,1,1,,,,,,,,,,1,1,1,0,1,1,0,2,1,1,0,,,,,,,,,,,,,,,
C. disjunctus,,Ce. concolor,J. Dransfield,7149,KEP,Ceratolobus,Brunei,Borneo,?,4.29,4.48,115.11,115.18,850,15,0.82,,,6,18.7,5.5,,,,,,,,,1,0,4,2,1,1,1,1,1,1,1,1,1,1,1,1,1,1,1,1,1,3,2,7,2,1,1,2,1,2,0,1,1,2,1,1,1,1,1,0,2,1,1,1,3,1,1,3,1,1,1,2,1,1,1,1,1,1,,1,2,1,7,0,4,1,1,2,2,2,1,1,1,1,,0,1,1,1,1,0,0,1,1,1,1,1,1,3,4,1,1,1,1,1,1,1,1,1,1,0,1,2,1,1,2,2,1,1,1,1,2,5,1,1,1,1,1,1,1,1,1,,,,,,,,,,,,,,,,,,,,,,,,,,,,,,,,,,,
C. disjunctus,,Ce. concolor,J. Jinuan,29,K,Ceratolobus,Malaysia,Borneo,sterile,,,,,,,1.4,,,,24.5,7.5,,,,,,,,,,,,,,,,,,,,,,,,,,,,,,,,,,,,,,,,,,,,,,,,,,,,,,,,,,,,,,,,,,,,,,,,,,,,,,,,,,,,,,,,,,,,,,,,,,,,,,,,,,,,,,,,,,,,,,,,,,,,,,,,,,,,,,,,,,,,,,,,,,,,,,,,,,,,,,,,,,,,,
C. disjunctus,,Ce. concolor,J. Mogea,B1705,BO,Ceratolobus,Indonesia,Borneo,pistillate,2.43,-2.71,115.37,115.61,500,,1.31,7.7,,,29.7,12,,,,,,17.6,13.9,,1,0,4,2,1,1,1,1,1,1,1,1,1,1,1,1,1,1,1,1,1,3,2,7,2,1,1,2,1,2,0,1,1,2,1,1,1,1,1,0,2,1,1,1,3,1,1,3,1,1,1,2,1,1,1,1,1,1,,1,2,1,7,0,4,1,1,2,2,2,1,1,1,1,1,1,1,1,1,1,0,0,1,1,1,1,1,1,4,4,1,1,1,1,1,1,1,1,1,1,0,1,2,1,1,2,2,1,1,1,1,2,5,1,1,1,1,1,1,1,1,1,,,,,,,,,,,1,1,0,1,1,0,2,1,1,0,0,,1,1,1,2,0,1,0,0,2,1,1,0,
C. disjunctus,,Ce. concolor,J. Van Valkenburg,1034,L,Ceratolobus,Indonesia,Borneo,?,1.4,1.66,115,115,,4,0.84,4,,,,,,,,,,,,1,1,0,4,2,1,1,1,1,1,1,1,1,1,1,1,1,1,1,1,1,1,3,2,7,2,1,1,2,1,2,0,1,1,2,1,1,1,1,1,0,2,1,1,1,3,1,1,3,1,1,1,2,1,1,1,1,1,1,,1,2,1,7,0,4,1,1,2,2,2,1,1,1,1,1,1,1,1,1,1,0,0,1,1,1,1,1,1,4,4,1,1,1,1,1,1,1,1,1,1,0,1,2,1,1,2,2,1,1,1,1,2,5,1,1,1,1,1,1,1,1,1,,,,,,,,,,,,,,,,,,,,,,,,,,,,,,,,,,,
C. disjunctus,,Ce. concolor,J. Van Valkenburg,1067,L,Ceratolobus,Indonesia,Borneo,pistillate,2.51,2.85,115.55,115.91,400,5,0.79,4,33,5,15.5,6,,,,22,5,,,1,1,0,4,2,1,1,1,1,1,1,1,1,1,1,1,1,1,1,1,1,1,3,2,7,2,1,1,2,1,2,0,1,1,2,1,1,1,1,1,0,2,1,1,1,3,1,1,3,1,1,1,2,1,1,1,1,1,1,,1,2,1,7,0,4,1,1,2,2,2,1,1,1,1,1,0,1,1,1,1,0,0,1,1,1,1,1,1,3,4,1,1,1,1,1,1,1,1,1,1,0,1,2,1,1,2,2,1,1,1,1,2,5,1,1,1,1,1,1,1,1,1,,,,,,,,,,,,,,,,,,,,,,,,,,,,,,,,,,,
C. disjunctus,,Ce. concolor,J. Van Valkenburg,1132,K,Ceratolobus,Indonesia,Borneo,sterile,1.4,1.66,115,115,800,8,0.7,4,42,6,,,,,,,,,,1,1,0,4,2,1,1,1,1,1,1,1,1,1,1,1,1,1,1,1,1,1,3,2,7,2,1,1,2,1,2,0,1,1,2,1,1,1,1,1,0,2,1,1,1,3,1,1,3,1,1,1,2,1,1,1,1,1,1,,1,2,1,7,0,4,1,1,2,2,2,1,1,1,1,1,1,1,1,,,,,,,,,,,,,,,,,,,,,,,,,,,,,,,,,,,,,,,,,,,,,,,,,,,,,,,,,,,,,,,,,,,,,,,,,,,,,,,
C. disjunctus,,Ce. concolor,K. Wong,WKM511,K,Ceratolobus,Brunei,Borneo,sterile,4.38,4.63,114.48,114.8,,,1.15,3.5,,6,25,9.5,,,,,,,,,,,,,,,,,,,,,,,,,,,,,,,,,,,,,,,,,,,,,,,,,,,,,,,,,,,,,,,,,,,,,,,,,,,,,,,,,,,,,,,,,,,,,,,,,,,,,,,,,,,,,,,,,,,,,,,,,,,,,,,,,,,,,,,,,,,,,,,,,,,,,,,,,,,,,,,,,,,,,
C. disjunctus,,Ce. concolor,Kandau,S.43757,K,Ceratolobus,Malaysia,Borneo,pistillate,2.42,2.7,113.47,113.78,,,,,,,17,8.5,,,,,,18.4,14.2,,1,0,4,2,1,1,1,1,1,1,1,1,1,1,1,1,1,1,1,1,1,3,2,7,2,1,1,2,1,2,0,1,1,2,1,1,1,1,1,0,2,1,1,1,3,1,1,3,1,1,1,2,1,1,1,1,1,1,,1,2,1,7,0,4,1,1,2,2,2,1,1,1,1,1,1,1,1,1,1,0,0,1,1,1,1,1,1,3,4,1,1,1,1,1,1,1,1,1,1,0,1,2,1,1,2,2,1,1,1,1,2,5,1,1,1,1,1,1,1,1,1,,,,,,,,,,,1,1,0,1,1,0,2,1,1,0,0,1,1,1,1,2,0,1,0,0,2,1,1,0,red
C. disjunctus,,Ce. concolor,Lee Ying Fah,SAN 96867,KEP,Ceratolobus,Malaysia,Borneo,staminate,5.05,5.08,115.33,115.55,,3,1.58,,,,17.2,6.4,,27.5,0.4,,,,,,1,0,4,2,1,1,1,1,1,1,1,1,1,1,1,1,1,1,1,1,1,3,2,7,2,1,1,2,1,2,0,1,1,2,1,1,1,1,1,0,2,1,1,1,3,1,1,3,1,1,1,2,1,1,1,1,1,1,,1,2,1,7,0,4,1,1,2,2,2,1,1,1,1,,0,1,1,1,1,0,0,1,1,1,1,1,1,3,4,1,1,1,1,1,1,1,1,1,1,0,1,2,1,1,2,2,1,1,1,1,2,5,1,1,1,1,1,1,1,1,1,2,1,2,1,,,,,,,,,,,,,,,,,,,,,,,,,,,,,,,
C. disjunctus,,Ce. concolor,M. Stockdale,MCS22,K,Ceratolobus,Brunei,Borneo,sterile,4.33,4.55,115.09,115.15,700,3,0.58,7,,5,14,5.5,,,,,,,,,,,,,,,,,,,,,,,,,,,,,,,,,,,,,,,,,,,,,,,,,,,,,,,,,,,,,,,,,,,,,,,,,,,,,,,,,,,,,,,,,,,,,,,,,,,,,,,,,,,,,,,,,,,,,,,,,,,,,,,,,,,,,,,,,,,,,,,,,,,,,,,,,,,,,,,,,,,,,
C. disjunctus,,Ce. concolor,M. Stockdale,MCS33,K,Ceratolobus,Brunei,Borneo,sterile,4.33,4.55,115.09,115.15,400,,,7,,6,17.3,6,,,,,,,,,,,,,,,,,,,,,,,,,,,,,,,,,,,,,,,,,,,,,,,,,,,,,,,,,,,,,,,,,,,,,,,,,,,,,,,,,,,,,,,,,,,,,,,,,,,,,,,,,,,,,,,,,,,,,,,,,,,,,,,,,,,,,,,,,,,,,,,,,,,,,,,,,,,,,,,,,,,,,
C. disjunctus,,Ce. concolor,M. Stockdale,MCS40,K,Ceratolobus,Brunei,Borneo,sterile,4.33,4.55,115.09,115.15,450,8,,5,,6,22,10.5,,,,,,,,,,,,,,,,,,,,,,,,,,,,,,,,,,,,,,,,,,,,,,,,,,,,,,,,,,,,,,,,,,,,,,,,,,,,,,,,,,,,,,,,,,,,,,,,,,,,,,,,,,,,,,,,,,,,,,,,,,,,,,,,,,,,,,,,,,,,,,,,,,,,,,,,,,,,,,,,,,,,,
C. disjunctus,,Ce. concolor,Maidin,3684,K,Ceratolobus,Malaysia,Borneo,pistillate,,,,,,,1.77,3,,,20,7.5,,,,,2,15.4,9.9,,1,0,4,2,1,1,1,1,1,1,1,1,1,1,1,1,1,1,1,1,1,3,2,7,2,1,1,2,1,2,0,1,1,2,1,1,1,1,1,0,2,1,1,1,3,1,1,3,1,1,1,2,1,1,1,1,1,1,,1,2,1,7,0,4,1,1,2,2,2,1,1,1,1,1,,,1,1,1,0,0,1,1,1,1,1,1,3,4,1,1,1,1,1,1,1,1,1,1,0,1,2,1,1,2,2,1,1,1,1,2,5,1,1,1,1,1,1,1,1,1,,,,,,,,,,,1,1,0,1,1,0,2,1,1,0,0,1,1,1,1,2,0,1,0,0,2,1,1,0,
C. disjunctus,,Ce. concolor,N. Watanabe,NMW54,K,Ceratolobus,Indonesia,Borneo,sterile,1.55,1.91,117.1,117.16,,5,0.8,3.7,45,6,17.5,5,,,,,,,,,,,,,,,,,,,,,,,,,,,,,,,,,,,,,,,,,,,,,,,,,,,,,,,,,,,,,,,,,,,,,,,,,,,,,,,,,,,,,,,,,,,,,,,,,,,,,,,,,,,,,,,,,,,,,,,,,,,,,,,,,,,,,,,,,,,,,,,,,,,,,,,,,,,,,,,,,,,,,
C. disjunctus,,Ce. concolor,P. Kessler,2124,BO,Ceratolobus,Indonesia,Borneo,?,0.2,-0.33,115.55,115.91,360,5,1.01,4,,5,15.5,6.5,,,,,,,,,1,0,4,2,1,1,1,1,1,1,1,1,1,1,1,1,1,1,1,1,1,3,2,7,2,1,1,2,1,2,0,1,1,2,1,1,1,1,1,0,2,1,1,1,3,1,1,3,1,1,1,2,1,1,1,1,1,1,,1,2,1,7,0,4,1,1,2,2,2,1,1,1,1,1,1,1,1,1,1,0,0,1,1,1,1,1,1,,4,1,1,1,1,1,1,1,1,1,1,0,1,2,1,1,2,2,1,1,1,1,2,5,1,1,1,1,1,1,1,1,1,,,,,,,,,,,,,,,,,,,,,,,,,,,,,,,,,,,
C. disjunctus,,Ce. concolor,P. Kessler,639,L,Ceratolobus,Indonesia,Borneo,staminate,0.59,-0.98,116.56,116.93,50,5,1.55,,,9,18.4,5.9,,49,0.3,,,,,,1,0,4,2,1,1,1,1,1,1,1,1,1,1,1,1,1,1,1,1,1,3,2,7,2,1,1,2,1,2,0,1,1,2,1,1,1,1,1,0,2,1,1,1,3,1,1,3,1,1,1,2,1,1,1,1,1,1,,1,2,1,7,0,4,1,1,2,2,2,1,1,1,1,,,,1,1,1,,0,1,1,1,1,1,1,4,4,1,1,1,1,1,1,1,1,1,1,0,1,2,1,1,2,2,1,1,1,1,2,5,1,1,1,1,1,1,1,1,1,,,,,,,,,,,,,,,,,,,,,,,,,,,,,,,,,,,
C. disjunctus,,Ce. concolor,Puasa,3879,K,Ceratolobus,Malaysia,Borneo,staminate,5.28,5.46,116.16,116.26,,,0.94,1,,,23.5,5.5,,26.5,,,,,,,,,,,,,,,,,,,,,,,,,,,,,,,,,,,,,,,,,,,,,,,,,,,,,,,,,,,,,,,,,,,,,,,,,,,,,,,,,,,,,,,,,,,,,,,,,,,,,,,,,,,,,,,,,,,,,,,,,,,,,,,,,,,,,,,,,,,,,,,,,,,,,,,,,,,,,,,,,,,
C. disjunctus,,Ce. concolor,S. Sambuling,112,K,Ceratolobus,Malaysia,Borneo,sterile,5.59,5.98,116.14,116.23,,,0.98,,,,17,7.2,,,,,,,,,,,,,,,,,,,,,,,,,,,,,,,,,,,,,,,,,,,,,,,,,,,,,,,,,,,,,,,,,,,,,,,,,,,,,,,,,,,,,,,,,,,,,,,,,,,,,,,,,,,,,,,,,,,,,,,,,,,,,,,,,,,,,,,,,,,,,,,,,,,,,,,,,,,,,,,,,,,,,
C. disjunctus,,Ce. concolor,S. Sambuling,92,K,Ceratolobus,Malaysia,Borneo,sterile,5.53,5.88,116.22,116.36,,,,,,,17,7.5,,,,,,,,,,,,,,,,,,,,,,,,,,,,,,,,,,,,,,,,,,,,,,,,,,,,,,,,,,,,,,,,,,,,,,,,,,,,,,,,,,,,,,,,,,,,,,,,,,,,,,,,,,,,,,,,,,,,,,,,,,,,,,,,,,,,,,,,,,,,,,,,,,,,,,,,,,,,,,,,,,,,,
C. disjunctus,,Ce. concolor,S. Sambuling,97,K,Ceratolobus,Malaysia,Borneo,sterile,,,,,,,1.02,,,,15.3,5.5,,,,,,,,,,,,,,,,,,,,,,,,,,,,,,,,,,,,,,,,,,,,,,,,,,,,,,,,,,,,,,,,,,,,,,,,,,,,,,,,,,,,,,,,,,,,,,,,,,,,,,,,,,,,,,,,,,,,,,,,,,,,,,,,,,,,,,,,,,,,,,,,,,,,,,,,,,,,,,,,,,,,,
C. disjunctus,,Ce. concolor,Saw Leng Guan,FRI 40245,KEP,Ceratolobus,Malaysia,Borneo,?,4.47,4.78,116.54,116.9,550,,1.2,,70,,27.3,5.5,,,,,,,,1,1,0,4,2,1,1,1,1,1,1,1,1,1,1,1,1,1,1,1,1,1,3,2,7,2,1,1,2,1,2,0,1,1,2,1,1,1,1,1,0,2,1,1,1,3,1,1,3,1,1,1,2,1,1,1,1,1,1,,1,2,1,7,0,4,1,1,2,2,2,1,1,1,1,,,,1,1,1,0,0,1,1,1,1,1,1,3,4,1,1,1,1,1,1,1,1,1,1,0,1,2,1,1,2,2,1,1,1,1,2,5,1,1,1,1,1,1,1,1,1,,,,,,,,,,,,,,,,,,,,,,,,,,,,,,,,,,,
C. disjunctus,,Ce. concolor,W. Baker,539,K,Ceratolobus,Brunei,Borneo,sterile,4.36,4.6,115.11,115.18,100,15,1.05,,,7,17.4,9.2,,,,,,,,1,1,0,4,2,1,1,1,1,1,1,1,1,1,1,1,1,1,1,1,1,1,3,2,7,2,1,1,2,1,2,0,1,1,2,1,1,1,1,1,0,2,1,1,1,3,1,1,3,1,1,1,2,1,1,1,1,1,1,,1,2,1,7,0,4,1,1,2,2,2,1,1,1,1,0,1,1,1,,,,,,,,,,,,,,,,,,,,,,,,,,,,,,,,,,,,,,,,,,,,,,,,,,,,,,,,,,,,,,,,,,,,,,,,,,,,,,,
C. disjunctus,,Ce. concolor,W. Baker,559,KEP,Ceratolobus,Malaysia,Borneo,pistillate,5.5,5.83,117.56,117.93,50,15,1.75,,,6,25.7,9.4,,,,,2,17.3,13.9,1,1,0,4,2,1,1,1,1,1,1,1,1,1,1,1,1,1,1,1,1,1,3,2,7,2,1,1,2,1,2,0,1,1,2,1,1,1,1,1,0,2,1,1,1,3,1,1,3,1,1,1,2,1,1,1,1,1,1,,1,2,1,7,0,4,1,1,2,2,2,1,1,1,1,0,0,1,1,1,1,0,0,1,1,1,1,1,1,3,4,1,1,1,1,1,1,1,1,1,1,0,1,2,1,1,2,2,1,1,1,1,2,5,1,1,1,1,1,1,1,1,1,,,,,,,,,,,,,,,,,,,,,,,,,,,,,,,,,,,
C. disjunctus,,Ce. concolor,W. Meijer,SAN 122420,K,Ceratolobus,Malaysia,Borneo,pistillate,,,,,,,0.79,3,,,,,,,,,,17.4,16.7,,1,0,4,2,1,1,1,1,1,1,1,1,1,1,1,1,1,1,1,1,1,3,2,7,2,1,1,2,1,2,0,1,1,2,1,1,1,1,1,0,2,1,1,1,3,1,1,3,1,1,1,2,1,1,1,1,1,1,,1,2,1,7,0,4,1,1,2,2,2,1,1,1,1,,,,1,1,1,,,,,,,,,,,,,,,,,,,,,,,,,,,,,,,,,,,,,,,,,,,,,,,,,,,,,,,,,,,,,,,0,1,1,1,1,2,0,1,0,0,2,1,1,0,
C. glaucescens,,Ce. glaucescens,C. Backer,25438,L,Ceratolobus,Indonesia,Java,sterile,6.33,-6.55,106.4,106.66,300,,1.29,8,,,22,5.7,,,,,,,,,1,0,4,0,1,1,1,1,1,1,1,1,1,1,1,1,1,1,1,1,1,3,2,7,2,1,1,2,1,2,2,1,1,2,1,1,1,1,1,0,2,1,1,1,3,1,1,3,1,1,1,2,1,1,1,1,1,1,,0,2,1,7,0,4,1,1,2,2,0,1,1,1,1,1,1,1,1,,,,,,,,,,,,,,,,,,,,,,,,,,,,,,,,,,,,,,,,,,,,,,,,,,,,,,,,,,,,,,,,,,,,,,,,,,,,,,,
C. glaucescens,,Ce. glaucescens,C. Blume,1043,K,Ceratolobus,Indonesia,Java,pistillate,,,,,,,,,,,20,3.7,,,,24.5,0.7,,,,1,,,,,,,,,,,,,,,,,,,,,,,,,,,,,,,,,,,,,,,,,,,,,,,,,,,,,,,,,,,0,2,1,7,0,4,1,1,2,2,0,1,1,1,1,1,1,1,1,1,1,,0,1,1,1,1,1,1,4,4,1,1,1,1,1,1,1,1,1,1,0,1,2,1,1,2,2,1,1,1,1,2,5,1,1,1,1,1,1,1,1,1,,,,,,,,,,,1,1,0,1,1,0,2,1,0,0,,,,,,,,,,,,,,,
C. glaucescens,,Ce. glaucescens,C. Blume,s.n.,L,Ceratolobus,Indonesia,Java,pistillate,,,,,,,,,,,,,,,,,,,,,1,0,4,0,1,1,1,1,1,1,1,1,1,1,1,1,1,1,1,1,1,3,2,7,2,1,1,2,1,2,2,1,1,2,1,1,1,1,1,0,2,1,1,1,3,1,1,3,1,1,1,2,1,1,1,1,1,1,,0,2,1,7,0,4,1,1,2,2,0,1,1,1,1,1,1,1,1,,1,,0,1,1,1,1,1,1,4,4,1,1,1,1,1,1,1,1,1,1,0,1,2,1,1,2,2,1,1,1,1,2,5,1,1,1,1,1,1,1,1,1,,,,,,,,,,1,,,,,,,,,,,,,,,,,,,,,,,,,
C. glaucescens,,Ce. glaucescens,J. Dransfield,1103,BO,Ceratolobus,Indonesia,Java,staminate,6.59,-6.98,106.32,106.53,2,4,0.91,13,,7,19,6,,24.5,,,,,,1,1,0,4,0,1,1,1,1,1,1,1,1,1,1,1,1,1,1,1,1,1,3,2,7,2,1,1,2,1,2,2,1,1,2,1,1,1,1,1,0,2,1,1,1,3,1,1,3,1,1,1,2,1,1,1,1,1,1,,0,2,1,7,0,4,1,1,2,2,0,1,1,1,1,1,1,1,1,1,1,0,0,1,1,1,1,1,1,4,4,1,1,1,1,1,1,1,1,1,1,0,1,2,1,1,2,2,1,1,1,1,2,5,1,1,1,1,1,1,1,1,1,,,,,,,,,,,,,,,,,,,,,,,,,,,,,,,,,,,
C. glaucescens,,Ce. glaucescens,J. Dransfield,1104,BO,Ceratolobus,Indonesia,Java,pistillate,6.59,-6.98,106.32,106.53,10,4,0.89,12.5,,7,20,6,,,,,,,,1,1,0,4,0,1,1,1,1,1,1,1,1,1,1,1,1,1,1,1,1,1,3,2,7,2,1,1,2,1,2,2,1,1,2,1,1,1,1,1,0,2,1,1,1,3,1,1,3,1,1,1,2,1,1,1,1,1,1,,0,2,1,7,0,4,1,1,2,2,0,1,1,1,1,1,1,1,1,1,1,0,0,1,1,1,1,1,1,4,4,1,1,1,1,1,1,1,1,1,1,0,1,2,1,1,2,2,1,1,1,1,2,5,1,1,1,1,1,1,1,1,1,,,,,,,,,,,1,1,0,1,1,0,2,1,0,0,,,,,,,,,,,,,,,
C. glaucescens,,Ce. glaucescens,P. Hommel,1876,L,Ceratolobus,Indonesia,Java,sterile,6.47,-6.78,105.22,105.36,,,,,,,,,,,,,,,,,1,0,4,0,1,1,1,1,1,1,1,1,1,1,1,1,1,1,1,1,1,3,2,7,2,1,1,2,1,2,2,1,1,2,1,1,1,1,1,0,2,1,1,1,3,1,1,3,1,1,1,2,1,1,1,1,1,1,,0,2,1,7,0,4,1,1,2,2,0,1,1,1,1,1,1,1,1,,,,,,,,,,,,,,,,,,,,,,,,,,,,,,,,,,,,,,,,,,,,,,,,,,,,,,,,,,,,,,,,,,,,,,,,,,,,,,,
C. glaucescens,,Ce. glaucescens,P. Hommel,277a,L,Ceratolobus,Indonesia,Java,?,6.47,-6.78,105.22,105.36,,,,,,,,,,,,,,,,,1,0,4,0,1,1,1,1,1,1,1,1,1,1,1,1,1,1,1,1,1,3,2,7,2,1,1,2,1,2,2,1,1,2,1,1,1,1,1,0,2,1,1,1,3,1,1,3,1,1,1,2,1,1,1,1,1,1,,0,2,1,7,0,4,1,1,2,2,0,1,1,1,1,1,1,1,1,,,,,,,,,,,,,,,,,,,,,,,,,,,,,,,,,,,,,,,,,,,,,,,,,,,,,,,,,,,,,,,,,,,,,,,,,,,,,,,
C. glaucescens,,Ce. glaucescens,S. Koorders,44105,L,Ceratolobus,Indonesia,Java,pistillate,6.24,-6.4,106.47,106.78,93,,,,,,22,8.8,,,,,,,,,,,,,,,,,,,,,,,,,,,,,,,,,,,,,,,,,,,,,,,,,,,,,,,,,,,,,,,,,,,,0,2,1,,0,4,1,1,2,2,0,1,1,1,1,1,1,1,1,1,,,0,1,1,1,1,1,1,4,4,1,1,1,1,1,1,1,1,1,1,0,1,2,1,1,2,2,1,1,1,1,2,5,1,1,1,1,1,1,1,1,1,,,,,,,,,,,,,,,,,,,,,,,,,,,,,,,,,,,
C. hallierianus,,Ce. discolor,C. Peters,s.n.,K,Ceratolobus,Indonesia,Borneo,pistillate,0.5,0.83,112.04,112.06,37,3,1.22,4,61.5,4,20.5,6,,,,25,1.8,11.3,9.2,1,1,0,4,2,1,1,1,1,1,1,1,1,1,1,1,1,1,1,1,1,1,3,2,7,2,1,1,2,1,2,0,1,1,2,1,1,1,1,1,0,2,1,1,1,3,1,1,3,1,1,1,2,1,1,1,1,1,1,,1,2,1,7,0,4,1,1,2,2,0,1,1,1,1,0,0,1,1,1,1,0,0,1,1,1,1,1,1,3,4,1,1,1,1,1,1,1,1,1,1,0,1,2,1,1,2,2,1,1,1,1,2,5,1,1,1,1,1,1,1,1,1,,,,,,,,,,1,1,1,0,1,1,0,2,1,1,0,0,1,1,1,1,2,0,1,0,0,2,1,1,0,
C. hallierianus,,Ce. discolor,E. Brunig,1,SING,Ceratolobus,Malaysia,Borneo,pistillate,1.42,1.71,110.27,110.46,,,2.05,,,,,,,,,,,16.1,14.7,,1,0,4,2,1,1,1,1,1,1,1,1,1,1,1,1,1,1,1,1,1,3,2,7,2,1,1,2,1,2,0,1,1,2,1,,,,,,,,,,,,,,,,,,,,,,,,,,,,,,,,,,,,,,,,,,,,,,,,,,,,,,,,,,,,,,,,,,,,,,,,,,,,,,,,,,,,,,,,,,,,,,,,,,1,1,0,1,1,0,2,1,1,0,0,1,1,1,1,2,0,1,0,0,2,1,1,0,
C. hallierianus,,Ce. discolor,H. Christensen,1421,AAU,Ceratolobus,Malaysia,Borneo,sterile,1.2,1.33,112.1,112.16,200,,1.38,,,6,20.8,8,,,,,,,,,,,,,,,,,,,,,,,,,,,,,,,,,,,,,,,,,,,,,,,,,,,,,,,,,,,,,,,,,,,,,,,,,,,,,,,,,,,,,,,,,,,,,,,,,,,,,,,,,,,,,,,,,,,,,,,,,,,,,,,,,,,,,,,,,,,,,,,,,,,,,,,,,,,,,,,,,,,,,
C. hallierianus,,Ce. discolor,H. Hallier,2088,BO,Ceratolobus,Indonesia,Borneo,sterile,0.35,0.58,111.56,111.93,,,0.72,1,,,13,3,,,,,,,,,1,0,4,2,1,1,1,1,1,1,1,1,1,1,1,1,1,1,1,1,1,3,2,7,2,1,1,2,1,2,0,1,1,2,1,1,1,1,1,0,2,1,1,1,3,1,1,3,1,1,1,2,1,1,1,1,1,1,,1,2,1,7,0,4,1,1,2,2,0,1,1,1,1,0,0,1,1,,,,,,,,,,,,,,,,,,,,,,,,,,,,,,,,,,,,,,,,,,,,,,,,,,,,,,,,,,,,,,,,,,,,,,,,,,,,,,,
C. hallierianus,,Ce. discolor,H. Hallier,3387,FI,Ceratolobus,Indonesia,Borneo,pistillate,,,,,,,,,,,38.3,17,,,,,4,19.6,16.5,,,,,,,,,,,,,,,,,,,,,,,,,,,,,,,,,,,,,,,,,,,,,,,,,,,,,,,,,,,,,,,,,,,,,,,,,,,,,,,,,,,,,,,,,,,,,,,,,,,,,,,,,,,,,,,,,,,,,,,,,,,,,,,,,,,,,,1,1,0,1,1,0,2,1,1,0,0,1,1,1,1,2,0,1,0,0,2,1,1,0,
C. hallierianus,,Ce. discolor,H. Rustiami,1856,BO,Ceratolobus,Indonesia,Sumatra,?,0.04,0.06,100,100,,15,2.33,35,,8,24.5,14,,,,,,,,1,1,0,4,2,1,1,1,1,1,1,1,1,1,1,1,1,1,1,1,1,1,3,2,7,2,1,1,2,1,2,0,1,1,2,1,1,1,1,1,0,2,1,1,1,3,1,1,3,1,1,1,2,1,1,1,1,1,1,,1,2,1,7,0,4,1,1,2,2,0,1,1,1,1,1,1,1,1,1,1,0,0,1,1,1,1,1,1,3,4,1,1,1,1,1,1,1,1,1,1,0,1,2,1,1,2,2,1,1,1,1,2,5,1,1,1,1,1,1,1,1,1,,,,,,,,,,,,,,,,,,,,,,,,,,,,,,,,,,,
C. hallierianus,,Ce. discolor,J. Andersen,13279,K,Ceratolobus,Malaysia,Borneo,sterile,1.02,1.03,111.25,111.41,,,,17.5,,,20.7,10.5,,,,,,,,,,,,,,,,,,,,,,,,,,,,,,,,,,,,,,,,,,,,,,,,,,,,,,,,,,,,,,,,,,,,,,,,,,,,,,,,,,,,,,,,,,,,,,,,,,,,,,,,,,,,,,,,,,,,,,,,,,,,,,,,,,,,,,,,,,,,,,,,,,,,,,,,,,,,,,,,,,,,,
C. hallierianus,,Ce. discolor,J. Dransfield,3961,K,Ceratolobus,Indonesia,Sumatra,sterile,0.37,-0.61,101,101,300,,,,,,,,,,,,,,,,,,,,,,,,,,,,,,,,,,,,,,,,,,,,,,,,,,,,,,,,,,,,,,,,,,,,,,,,,,,,,,,,,,,,,,,,,,,,,,,,,,,,,,,,,,,,,,,,,,,,,,,,,,,,,,,,,,,,,,,,,,,,,,,,,,,,,,,,,,,,,,,,,,,,,,,,,,,,
C. hallierianus,,Ce. discolor,J. Dransfield,3986,K,Ceratolobus,Indonesia,Sumatra,sterile,0.37,-0.61,101,101,350,,0.75,12,,,19,8.8,,,,,,,,1,1,0,4,2,1,1,1,1,1,1,1,1,1,1,1,1,1,1,1,1,1,3,2,7,2,1,1,2,1,2,0,1,1,2,1,1,1,1,1,0,2,1,1,1,3,1,1,3,1,1,1,2,1,1,1,1,1,1,,1,2,1,7,0,4,1,1,2,2,0,1,1,1,1,1,1,1,1,,,,,,,,,,,,,,,,,,,,,,,,,,,,,,,,,,,,,,,,,,,,,,,,,,,,,,,,,,,,,,,,,,,,,,,,,,,,,,,
C. hallierianus,,Ce. discolor,J. Dransfield,3987,BO,Ceratolobus,Indonesia,Sumatra,?,0.37,-0.61,101,101,350,15,1.8,10,,6,29.5,11,,,,,,,,1,1,0,4,2,1,1,1,1,1,1,1,1,1,1,1,1,1,1,1,1,1,3,2,7,2,1,1,2,1,2,0,1,1,2,1,1,1,1,1,0,2,1,1,1,3,1,1,3,1,1,1,2,1,1,1,1,1,1,,1,2,1,7,0,4,1,1,2,2,0,1,1,1,1,1,1,1,1,,,,,,,,,,,,,,,,,,,,,,,,,,,,,,,,,,,,,,,,,,,,,,,,,,,,,,,,,,,,,,,,,,,,,,,,,,,,,,,
C. hallierianus,,Ce. discolor,J. Dransfield,4628,BH,Ceratolobus,Malaysia,Borneo,sterile,1.24,1.4,110.18,110.3,25,,1.34,28,50,5,22,6.2,,,,,,,,,1,0,4,2,1,1,1,1,1,1,1,1,1,1,1,1,1,1,1,1,1,3,2,7,2,1,1,2,1,2,0,1,1,2,1,1,1,1,1,0,2,1,1,1,3,1,1,3,1,1,1,2,1,1,1,1,1,1,,1,2,1,7,0,4,1,1,2,2,0,1,1,1,1,1,1,1,1,,,,,,,,,,,,,,,,,,,,,,,,,,,,,,,,,,,,,,,,,,,,,,,,,,,,,,,,,,,,,,,,,,,,,,,,,,,,,,,
C. hallierianus,,Ce. discolor,J. Dransfield,4634,KEP,Ceratolobus,Malaysia,Borneo,pistillate,1.24,1.4,110.18,110.3,25,20,1.66,35,,8,35,10.2,,,,60,,,,1,1,0,4,2,1,1,1,1,1,1,1,1,1,1,1,1,1,1,1,1,1,3,2,7,2,1,1,2,1,2,0,1,1,2,1,1,1,1,1,0,2,1,1,1,3,1,1,3,1,1,1,2,1,1,1,1,1,1,,1,2,1,7,0,4,1,1,2,2,0,1,1,1,1,1,1,1,1,1,1,0,0,1,1,1,1,1,1,3,4,1,1,1,1,1,1,1,1,1,1,0,1,2,1,1,2,2,1,1,1,1,2,5,1,1,1,1,1,1,1,1,1,,,,,,,,,,,,,,,,,,,,,,,,,,,,,,,,,,,
C. hallierianus,,Ce. discolor,J. Dransfield,4644,KEP,Ceratolobus,Malaysia,Borneo,pistillate,1.06,1.1,110.56,110.93,50,10,2.02,15,,7,27,7,,,,,,,,1,1,0,4,2,1,1,1,1,1,1,1,1,1,1,1,1,1,1,1,1,1,3,2,7,2,1,1,2,1,2,0,1,1,2,1,1,1,1,1,0,2,1,1,1,3,1,1,3,1,1,1,2,1,1,1,1,1,1,,1,2,1,7,0,4,1,1,2,2,0,1,1,1,1,1,1,1,1,,,,,,,,,,,,,,,,,,,,,,,,,,,,,,,,,,,,,,,,,,,,,,,,,,,,,,,,,,,,,,,,,,,,,,,,,,,,,,,
C. hallierianus,,Ce. discolor,J. Dransfield,4663,KEP,Ceratolobus,Malaysia,Borneo,sterile,1.06,1.1,110.56,110.93,50,,0.91,10,,,19,5,,,,,,,,,1,0,4,2,1,1,1,1,1,1,1,1,1,1,1,1,1,1,1,1,1,3,2,7,2,1,1,2,1,2,0,1,1,2,1,1,1,1,1,0,2,1,1,1,3,1,1,3,1,1,1,2,1,1,1,1,1,1,,1,2,1,7,0,4,1,1,2,2,0,1,1,1,1,1,1,1,1,,,,,,,,,,,,,,,,,,,,,,,,,,,,,,,,,,,,,,,,,,,,,,,,,,,,,,,,,,,,,,,,,,,,,,,,,,,,,,,
C. hallierianus,,Ce. discolor,J. Dransfield,4717,KEP,Ceratolobus,Malaysia,Borneo,pistillate,1.36,1.6,110.11,110.18,200,20,1.93,35,,8,32.5,9.6,,,,60,,,,1,1,0,4,2,1,1,1,1,1,1,1,1,1,1,1,1,1,1,1,1,1,3,2,7,2,1,1,2,1,2,0,1,1,2,1,1,1,1,1,0,2,1,1,1,3,1,1,3,1,1,1,2,1,1,1,1,1,1,,1,2,1,7,0,4,1,1,2,2,0,1,1,1,1,1,1,1,1,,,,,,,,,,,,,,,,,,,,,,,,,,,,,,,,,,,,,,,,,,,,,,,,,,,,,,,,,,,,,,,,,,,,,,,,,,,,,,,
C. hallierianus,,Ce. discolor,J. Dransfield,5275,K,Ceratolobus,Malaysia,Borneo,staminate,4.03,4.05,114.56,114.93,300,20,1.77,,,9,20,11.5,,,,,,,,,,,,,,,,,,,,,,,,,,,,,,,,,,,,,,,,,,,,,,,,,,,,,,,,,,,,,,,,,,,,,,,,,,,,,,,,,,,,,,,,,,,,,,,,,,,,,,,,,,,,,,,,,,,,,,,,,,,,,,,,,,,,,,,,,,,,,,,,,,,,,,,,,,,,,,,,,,,,,
C. hallierianus,,Ce. discolor,J. Dransfield,5972,BH,Ceratolobus,Malaysia,Borneo,pistillate,4.12,4.2,113.59,113.98,200,10,2.35,35,,10,27.5,9.5,,,,,,,,1,1,0,4,2,1,1,1,1,1,1,1,1,1,1,1,1,1,1,1,1,1,3,2,7,2,1,1,2,1,2,0,1,1,2,1,1,1,1,1,0,2,1,1,1,3,1,1,3,1,1,1,2,1,1,1,1,1,1,1,1,2,1,7,0,4,1,1,2,2,0,1,1,1,1,1,1,1,1,1,1,,0,1,1,1,1,1,1,3,4,1,1,1,1,1,1,1,1,1,1,0,1,2,1,1,2,2,1,1,1,1,2,5,1,1,1,1,1,1,1,1,1,,,,,,,,,,1,1,1,0,1,1,0,2,1,1,0,,,,,,,,,,,,,,,
C. hallierianus,,Ce. discolor,J. Dransfield,6077,BH,Ceratolobus,Malaysia,Borneo,?,1.06,1.1,110.56,110.93,100,5,2.66,25,,6,42.5,12,,,,,,,,1,1,0,4,2,1,1,1,1,1,1,1,1,1,1,1,1,1,1,1,1,1,3,2,7,2,1,1,2,1,2,0,1,1,2,1,1,1,1,1,0,2,1,1,1,3,1,1,3,1,1,1,2,1,1,1,1,1,1,,1,2,1,7,0,4,1,1,2,2,0,1,1,1,1,1,1,1,1,1,1,0,0,1,1,1,1,1,1,,4,1,1,1,1,1,1,1,1,1,1,0,1,2,1,1,2,2,1,1,1,1,2,5,1,1,1,1,1,1,1,1,1,,,,,,,,,,,,,,,,,,,,,,,,,,,,,,,,,,,
C. hallierianus,,Ce. discolor,J. Hewitt,s.n.,FI,Ceratolobus,Malaysia,Borneo,pistillate,,,,,,,,,,,25,9.2,,,,,4.5,,,,1,0,4,2,1,1,1,1,1,1,1,1,1,1,1,1,1,1,1,1,1,3,2,7,2,1,1,2,1,2,0,1,1,2,1,1,1,1,1,0,2,1,1,1,3,1,1,3,1,1,1,2,1,1,1,1,1,1,,1,2,1,7,0,4,1,1,2,2,0,1,1,1,1,1,1,1,1,1,1,0,0,1,1,1,1,1,1,3,4,1,1,1,1,1,1,1,1,1,1,0,1,2,1,1,2,2,1,1,1,1,2,5,1,1,1,1,1,1,1,1,1,,,,,,,,,,1,1,1,0,1,1,0,2,1,1,0,,,,,,,,,,,,,,,
C. hallierianus,,Ce. discolor,J. Mogea,4030,BO,Ceratolobus,Indonesia,Borneo,?,0.5,-0.83,112.5,112.83,500,20,2.05,50,,7,22,8,,,,,,,,1,1,0,4,2,1,1,1,1,1,1,1,1,1,1,1,1,1,1,1,1,1,3,2,7,2,1,1,2,1,2,0,1,1,2,1,1,1,1,1,0,2,1,1,1,3,1,1,3,1,1,1,2,1,1,1,1,1,1,,1,2,1,7,0,4,1,1,2,2,0,1,1,1,1,1,1,1,1,1,1,0,0,1,1,1,1,1,1,3,4,1,1,1,1,1,1,1,1,1,1,0,1,2,1,1,2,2,1,1,1,1,2,5,1,1,1,1,1,1,1,1,1,,,,,,,,,,,,,,,,,,,,,,,,,,,,,,,,,,,
C. hallierianus,,Ce. discolor,J. Mogea,4421,BO,Ceratolobus,Indonesia,Borneo,?,1.15,-1.25,112.4,112.66,200,8,1.33,6,,,14,5.3,,,,,,,,1,1,0,4,2,1,1,1,1,1,1,1,1,1,1,1,1,1,1,1,1,1,3,2,7,2,1,1,2,1,2,0,1,1,2,1,1,1,1,1,0,2,1,1,1,3,1,1,3,1,1,1,2,1,1,1,1,1,1,,1,2,1,7,0,4,1,1,2,2,0,1,1,1,1,1,1,1,1,,,,,,,,,,,,,,,,,,,,,,,,,,,,,,,,,,,,,,,,,,,,,,,,,,,,,,,,,,,,,,,,,,,,,,,,,,,,,,,
C. hallierianus,,Ce. discolor,J. Mogea,7398,K,Ceratolobus,Indonesia,Borneo,sterile,1.4,-1.66,115.23,115.38,50,,1.13,8,,5,20,6,,,,,,,,,,,,,,,,,,,,,,,,,,,,,,,,,,,,,,,,,,,,,,,,,,,,,,,,,,,,,,,,,,,,,,,,,,,,,,,,,,,,,,,,,,,,,,,,,,,,,,,,,,,,,,,,,,,,,,,,,,,,,,,,,,,,,,,,,,,,,,,,,,,,,,,,,,,,,,,,,,,,,
C. hallierianus,,Ce. discolor,K. Wong,489,SING,Ceratolobus,Brunei,Borneo,?,4.37,4.61,114.32,114.53,,12,3.24,,,,21,10,,,,,,,,,,,,,,,,,,,,,,,,,,,,,,,,,,,,,,,,,,,,,,,,,,,,,,,,,,,,,,,,,,,,1,2,1,,0,4,1,1,2,2,0,1,1,1,1,,,,1,,,,,,,,,,,,,,,,,,,,,,,,,,,,,,,,,,,,,,,,,,,,,,,,,,,,,,,,,,,,,,,,,,,,,,,,,,,,,,,
C. hallierianus,,Ce. discolor,M. Coode,6830,K,Ceratolobus,Brunei,Borneo,pistillate,4.22,4.36,114.28,114.46,100,8,2.79,30,,7,39.5,7,,,,,,14.2,14.3,,,,,,,,,,,,,,,,,,,,,,,,,,,,,,,,,,,,,,,,,,,,,,,,,,,,,,,,,,,,,,,,,,,,,,,,,,,,,,,,,,,,,,,,,,,,,,,,,,,,,,,,,,,,,,,,,,,,,,,,,,,,,,,,,,,,,,,,,,,,,,,,,,,,,,,,,,,,,,
C. hallierianus,,Ce. discolor,M. Ramos,1490,K,Ceratolobus,Malaysia,Borneo,staminate,,,,,,,2.43,,,,35,17.5,,,,,,,,,,,,,,,,,,,,,,,,,,,,,,,,,,,,,,,,,,,,,,,,,,,,,,,,,,,,,,,,,,,,,,,,,,,,,,,,,,,,,,,,,,,,,,,,,,,,,,,,,,,,,,,,,,,,,,,,,,,,,,,,,,,,,,,,,,,,,,,,,,,,,,,,,,,,,,,,,,,,,
C. hallierianus,,Ce. discolor,N. Nangkat,BRUN 15120,SING,Ceratolobus,Brunei,Borneo,?,4.39,4.65,114.32,114.53,,5,3.21,,,,30.5,,,,,,,,,,1,0,4,2,1,1,1,1,1,1,1,1,1,1,1,1,1,1,1,1,1,3,2,7,2,1,1,2,1,2,0,1,1,2,1,1,1,1,1,0,2,1,1,1,3,1,1,3,1,1,1,2,1,1,1,1,1,1,,1,2,1,7,0,4,1,1,2,2,0,1,1,1,1,1,1,1,1,,,,,,,,,,,,,,,,,,,,,,,,,,,,,,,,,,,,,,,,,,,,,,,,,,,,,,,,,,,,,,,,,,,,,,,,,,,,,,,
C. hallierianus,,Ce. discolor,N. Watanabe,NMW20,K,Ceratolobus,Indonesia,Borneo,sterile,0.59,0.98,113.15,113.25,200,,,,,,,,,,,,,,,,,,,,,,,,,,,,,,,,,,,,,,,,,,,,,,,,,,,,,,,,,,,,,,,,,,,,,,,,,,,,,,,,,,,,,,,,,,,,,,,,,,,,,,,,,,,,,,,,,,,,,,,,,,,,,,,,,,,,,,,,,,,,,,,,,,,,,,,,,,,,,,,,,,,,,,,,,,,,
C. hallierianus,,Ce. discolor,N. Watanabe,NMW38,K,Ceratolobus,Brunei,Borneo,pistillate,4.35,4.58,114.4,114.66,20,9,3.18,86,141,8,45,15.2,,,,81,4.2,,,,,,,,,,,,,,,,,,,,,,,,,,,,,,,,,,,,,,,,,,,,,,,,,,,,,,,,,,,,,,,,,,,,,,,,,,,,,,,,,,,,,,,,,,,,,,,,,,,,,,,,,,,,,,,,,,,,,,,,,,,,,,,,,,,,,,,,,,,,,,,,,,,,,,,,,,,,,,,,
C. hallierianus,,Ce. discolor,O. Beccari,1915,FI,Ceratolobus,Malaysia,Borneo,sterile,,,,,,,1.69,21,,,27,11.2,,,,,,,,,1,0,4,2,1,1,1,1,1,1,1,1,1,1,1,1,1,1,1,1,1,3,2,7,2,1,1,2,1,2,0,1,1,2,1,1,1,1,1,0,2,1,1,1,3,1,1,3,1,1,1,2,1,1,1,1,1,1,,1,2,1,7,0,4,1,1,2,2,0,1,1,1,1,1,1,1,1,,,,,,,,,,,,,,,,,,,,,,,,,,,,,,,,,,,,,,,,,,,,,,,,,,,,,,,,,,,,,,,,,,,,,,,,,,,,,,,
C. hallierianus,,Ce. discolor,P. Ashton,S.12138,K,Ceratolobus,Malaysia,Borneo,pistillate,2.08,2.13,113.34,113.56,,,,,,,34.5,12,,,,,,,,,,,,,,,,,,,,,,,,,,,,,,,,,,,,,,,,,,,,,,,,,,,,,,,,,,,,,,,,,,,,,,,,,,,,,,,,,,,,,,,,,,,,,,,,,,,,,,,,,,,,,,,,,,,,,,,,,,,,,,,,,,,,,,,,,,,,,,,,,,,,,,,,,,,,,,,,,,,,,
C. hallierianus,,Ce. discolor,T. Whitmore,3130,K,Ceratolobus,Malaysia,Borneo,pistillate,4.14,4.23,114.52,114.86,,,2.99,,,,32,14.2,,,,57,2.8,,,1,1,0,4,2,1,1,1,1,1,1,1,1,1,1,1,1,1,1,1,1,1,3,2,7,2,1,1,2,1,2,0,1,1,2,1,1,1,1,1,0,2,1,1,1,3,1,1,3,1,1,1,2,1,1,1,1,1,1,,1,2,1,7,0,4,1,1,2,2,0,1,1,1,1,1,1,1,1,1,1,0,0,1,1,1,1,1,1,3,4,1,1,1,1,1,1,1,1,1,1,0,1,2,1,1,2,2,1,1,1,1,2,5,1,1,1,1,1,1,1,1,1,,,,,,,,,,1,1,1,0,1,1,0,2,1,1,0,0,1,1,1,1,2,,,,,,,,,
C. hallierianus,,Ce. kingianus,Chua,FRI 46698,KEP,Ceratolobus,Malaysia,Peninsular,staminate,4.25,4.41,102.49,102.81,160,8,1.9,19,57,7,18,5.5,,34.5,,,,,,,1,0,4,2,1,1,1,1,1,1,1,1,1,1,1,1,1,1,1,1,1,3,2,7,2,1,1,2,1,2,0,1,1,2,1,1,1,1,1,0,2,1,1,1,3,1,1,3,1,1,1,2,1,1,1,1,1,1,,1,2,1,7,0,4,1,1,2,2,0,1,1,1,1,1,1,1,1,1,1,0,0,1,1,1,1,1,1,3,4,1,1,1,1,1,1,1,1,1,1,0,1,2,1,1,2,2,1,1,1,1,2,5,1,1,1,1,1,1,1,1,1,,1,,1,,,,,,,,,,,,,,,,,,,,,,,,,,,,,,,
C. hallierianus,,Ce. kingianus,Dr. King's collector,2547,K,Ceratolobus,Malaysia,Peninsular,staminate,4.51,4.85,100.47,100.78,,,,18,,,24,7.5,,27,,,,,,,,,,,,,,,,,,,,,,,,,,,,,,,,,,,,,,,,,,,,,,,,,,,,,,,,,,,,,,,,,,,,,,,,,,,,,,,,,,,,,,,,,,,,,,,,,,,,,,,,,,,,,,,,,,,,,,,,,,,,,,,,,,,,,,,,,,,,,,,,,,,,,,,,,,,,,,,,,,,
C. hallierianus,,Ce. kingianus,Dr. King's collector,2856,FI,Ceratolobus,Malaysia,Peninsular,pistillate,4.51,4.85,100.47,100.78,,,,13,,,23,8,,,,,,,,,1,0,4,2,1,1,1,1,1,1,1,1,1,1,1,1,1,1,1,1,1,3,2,7,2,1,1,2,1,2,0,1,1,2,1,1,1,1,1,0,2,1,1,1,3,1,1,3,1,1,1,2,1,1,1,1,1,1,,1,2,1,7,0,4,1,1,2,2,0,1,1,1,1,1,1,1,1,1,1,0,0,1,1,1,1,1,1,3,4,1,1,1,1,1,1,1,1,1,1,0,1,2,1,1,2,2,1,1,1,1,2,5,1,1,1,1,1,1,1,1,1,,,,,,,,,,,1,1,0,1,1,0,2,1,1,0,0,1,1,1,1,2,,,,,,,,,
C. hallierianus,,Ce. kingianus,E. Corner,s.n.,SING,Ceratolobus,Malaysia,Peninsular,sterile,4.18,4.3,103.09,103.15,,,1.22,20,69,5,22,6.5,,,,,,,,,,,,,,,,,,,,,,,,,,,,,,,,,,,,,,,,,,,,,,,,,,,,,,,,,,,,,,,,,,,,,,,,,,,,,,,,,,,,,,,,,,,,,,,,,,,,,,,,,,,,,,,,,,,,,,,,,,,,,,,,,,,,,,,,,,,,,,,,,,,,,,,,,,,,,,,,,,,,,
C. hallierianus,,Ce. kingianus,J. Dransfield,4574,SING,Ceratolobus,Malaysia,Peninsular,?,3.06,3.1,103.06,103.1,10,10,1.21,10,47,5,20.5,9,,,,,,,,1,1,0,4,2,1,1,1,1,1,1,1,1,1,1,1,1,1,1,1,1,1,3,2,7,2,1,1,2,1,2,0,1,1,2,1,1,1,1,1,0,2,1,1,1,3,1,1,3,1,1,1,2,1,1,1,1,1,1,,1,2,1,7,0,4,1,1,2,2,0,1,1,1,1,1,1,1,1,1,1,,,,,,,,,,,,,,,,,,,,,,,,,,,,,,,,,,,,,,,,,,,,,,,,,,,,,,,,,,,,,,,,,,,,,,,,,,,,,
C. hallierianus,,Ce. kingianus,J. Dransfield,5080,KEP,Ceratolobus,Malaysia,Peninsular,sterile,2.25,2.41,103.15,103.25,200,,0.87,17,,,18,5.5,,,,,,,,,1,0,4,2,1,1,1,1,1,1,1,1,1,1,1,1,1,1,1,1,1,3,2,7,2,1,1,2,1,2,0,1,1,2,1,1,1,1,1,0,2,1,1,1,3,1,1,3,1,1,1,2,1,1,1,1,1,1,,1,2,1,7,0,4,1,1,2,2,0,1,1,1,1,1,1,1,1,,,,,,,,,,,,,,,,,,,,,,,,,,,,,,,,,,,,,,,,,,,,,,,,,,,,,,,,,,,,,,,,,,,,,,,,,,,,,,,
C. hallierianus,,Ce. kingianus,J. Dransfield,5198,BH,Ceratolobus,Malaysia,Peninsular,staminate,4.2,4.33,103.07,103.11,50,15,2.59,50,,,29.5,8.8,,,,,,,,1,1,0,4,2,1,1,1,1,1,1,1,1,1,1,1,1,1,1,1,1,1,3,2,7,2,1,1,2,1,2,0,1,1,2,1,1,1,1,1,0,2,1,1,1,3,1,1,3,1,1,1,2,1,1,1,1,1,1,1,1,2,1,7,0,4,1,1,2,2,0,1,1,1,1,1,1,1,1,1,1,0,0,1,1,1,1,1,1,3,4,1,1,1,1,1,1,1,1,1,1,0,1,2,1,1,2,2,1,1,1,1,2,5,1,1,1,1,1,1,1,1,1,,1,,,,,,,,,,,,,,,,,,,,,,,,,,,,,,,,,
C. hallierianus,,Ce. kingianus,L. Wray,2869,SING,Ceratolobus,Malaysia,Peninsular,pistillate,5,5,100.53,100.88,,,2.04,17,,,22.5,9,,,,25,2.7,14.2,10.4,,1,0,4,2,1,1,1,1,1,1,1,1,1,1,1,1,1,1,1,1,1,3,2,7,2,1,1,2,1,2,0,1,1,2,1,1,1,1,1,0,2,1,1,1,3,1,1,3,1,1,1,2,1,1,1,1,1,1,,1,2,1,7,0,4,1,1,2,2,0,1,1,1,1,1,1,1,1,1,1,0,0,1,1,1,1,1,1,3,4,1,1,1,1,1,1,1,1,1,1,0,1,2,1,1,2,2,1,1,1,1,2,5,1,1,1,1,1,1,1,1,1,,,,,,,,,,,1,1,0,1,1,0,2,1,1,0,0,1,1,1,1,2,0,1,0,0,2,1,1,0,
C. hallierianus,,Ce. kingianus,Saw Leng Guan,FRI 44435,KEP,Ceratolobus,Malaysia,Peninsular,sterile,2.25,2.41,103.15,103.25,90,,1.38,16,49,4,21,6.2,,,,,,,,1,1,0,4,2,1,1,1,1,1,1,1,1,1,1,1,1,1,1,1,1,1,3,2,7,2,1,1,2,1,2,0,1,1,2,1,1,1,1,1,0,2,1,1,1,3,1,1,3,1,1,1,2,1,1,1,1,1,1,,1,2,1,7,0,4,1,1,2,2,0,1,1,1,1,1,1,1,1,,,,,,,,,,,,,,,,,,,,,,,,,,,,,,,,,,,,,,,,,,,,,,,,,,,,,,,,,,,,,,,,,,,,,,,,,,,,,,,
C. hallierianus,,Ce. kingianus,Saw Leng Guan,FRI 44972,KEP,Ceratolobus,Malaysia,Peninsular,sterile,4.57,4.95,103.06,103.1,150,,1.71,20,,,24,8.5,,,,,,,,0,1,0,4,2,1,1,1,1,1,1,1,1,1,1,1,1,1,1,1,1,1,3,2,7,2,1,1,2,1,2,0,1,1,2,1,1,1,1,1,0,2,1,1,1,3,1,1,3,1,1,1,2,1,1,1,1,1,1,,1,2,1,7,0,4,1,1,2,2,0,1,1,1,1,1,1,1,1,,,,,,,,,,,,,,,,,,,,,,,,,,,,,,,,,,,,,,,,,,,,,,,,,,,,,,,,,,,,,,,,,,,,,,,,,,,,,,,
C. hallierianus,,Ce. kingianus,T. Whitmore,FRI 8924,KEP,Ceratolobus,Malaysia,Peninsular,sterile,4.43,4.71,103,103,,,0.93,18,,,15.5,6,,,,,,,,,1,0,4,2,1,1,1,1,1,1,1,1,1,1,1,1,1,1,1,1,1,3,2,7,2,1,1,2,1,2,0,1,1,2,1,1,1,1,1,0,2,1,1,1,3,1,1,3,1,1,1,2,1,1,1,1,1,1,,1,2,1,7,0,4,1,1,2,2,0,1,1,1,1,1,1,1,1,,,,,,,,,,,,,,,,,,,,,,,,,,,,,,,,,,,,,,,,,,,,,,,,,,,,,,,,,,,,,,,,,,,,,,,,,,,,,,,
C. pseudoconcolor,,Ce. concolor,H. Forbes,1561,K,Ceratolobus,Indonesia,Sumatra,sterile,4.36,-4.6,105.22,105.36,,,,,,,16.5,8,,,,,,,,,,,,,,,,,,,,,,,,,,,,,,,,,,,,,,,,,,,,,,,,,,,,,,,,,,,,,,,,,,,,0,2,1,,0,4,1,1,2,2,2,0,1,1,1,,,,1,,,,,,,,,,,,,,,,,,,,,,,,,,,,,,,,,,,,,,,,,,,,,,,,,,,,,,,,,,,,,,,,,,,,,,,,,,,,,,,
C. pseudoconcolor,,Ce. pseudoconcolor,C. Grashoff,189,FI,Ceratolobus,Indonesia,Sumatra,pistillate,5.24,-5.4,105.21,105.35,,,0.64,14,,,11.6,4.5,,,,,,,,,1,0,4,2,1,1,1,1,1,1,1,1,1,1,1,1,1,1,1,1,1,3,2,7,2,1,1,2,1,2,1,1,1,2,1,1,1,1,1,0,2,1,1,1,3,1,1,3,1,1,1,2,1,1,1,1,1,1,,0,2,1,7,0,4,1,1,2,2,2,,1,1,1,1,1,1,1,1,1,0,0,1,1,1,1,1,1,4,4,1,1,1,1,1,1,1,1,1,1,0,1,2,1,1,2,2,1,1,1,1,2,,1,1,1,1,1,1,1,1,1,,,,,,,,,,,1,1,0,1,1,0,2,1,1,0,0,1,1,1,1,2,0,1,0,0,2,1,0,0,
C. pseudoconcolor,,Ce. pseudoconcolor,J. Dransfield,1035,BO,Ceratolobus,Indonesia,Java,pistillate,7.07,-7.11,106.41,106.68,600,3,1.01,1,51,6,13,6.3,,,,29,0.7,,,1,1,0,4,2,1,1,1,1,1,1,1,1,1,1,1,1,1,1,1,1,1,3,2,7,2,1,1,2,1,2,1,1,1,2,1,1,1,1,1,0,2,1,1,1,3,1,1,3,1,1,1,2,1,1,1,1,1,1,,1,2,1,7,0,4,1,1,2,2,2,0,1,1,1,0,1,1,1,1,1,,0,1,1,1,1,1,1,4,4,1,1,1,1,1,1,1,1,1,1,0,1,2,1,1,2,2,1,1,1,1,2,5,1,1,1,1,1,1,1,1,1,,,,,,,,,,1,1,1,0,1,1,0,2,1,1,0,,,,,,,,,,,,,,,
C. pseudoconcolor,,Ce. pseudoconcolor,J. Dransfield,1263,BO,Ceratolobus,Indonesia,Sumatra,staminate,5.42,-5.71,104.37,104.63,100,1,,,,10,,,,,,,,,,1,1,0,4,2,1,1,1,1,1,1,1,1,1,1,1,1,1,1,1,1,1,3,2,7,2,1,1,2,1,2,1,1,1,2,1,1,1,1,1,0,2,1,1,1,3,1,1,3,1,1,1,2,1,1,1,1,1,1,,0,2,1,7,0,4,1,1,2,2,2,,1,1,1,1,1,1,1,1,1,0,0,1,1,1,1,1,1,4,4,1,1,1,1,1,1,1,1,1,1,0,1,2,1,1,2,2,1,1,1,1,2,5,1,1,1,1,1,1,1,1,1,,,,,,,,,,,,,,,,,,,,,,,,,,,,,,,,,,,
C. pseudoconcolor,,Ce. pseudoconcolor,J. Dransfield,1266,BO,Ceratolobus,Indonesia,Sumatra,pistillate,5.42,-5.71,104.37,104.63,100,1,,,,10,,,,,,,,,,1,1,0,4,2,1,1,1,1,1,1,1,1,1,1,1,1,1,1,1,1,1,3,2,7,2,1,1,2,1,2,1,1,1,2,1,1,1,1,1,0,2,1,1,1,3,1,1,3,1,1,1,2,1,1,1,1,1,1,,0,2,1,7,0,4,1,1,2,2,2,,1,1,1,1,1,1,1,1,1,0,0,1,1,1,1,1,1,4,4,1,1,1,1,1,1,1,1,1,1,0,1,2,1,1,2,2,1,1,1,1,2,5,1,1,1,1,1,1,1,1,1,,,,,,,,,,,,,,,,,,,,,,,,,,,,,,,,,,,
C. pseudoconcolor,,Ce. pseudoconcolor,J. Dransfield,1719,BO,Ceratolobus,Indonesia,Java,staminate,7.07,-7.11,106.41,106.68,600,4,1.17,3,,7,17.5,4.5,,,,,,,,1,1,0,4,2,1,1,1,1,1,1,1,1,1,1,1,1,1,1,1,1,1,3,2,7,2,1,1,2,1,2,1,1,1,2,1,1,1,1,1,0,2,1,1,1,3,1,1,3,1,1,1,2,1,1,1,1,1,1,,1,2,1,7,0,4,1,1,2,2,2,,1,1,1,0,1,1,1,1,1,,0,1,1,1,1,1,1,4,4,1,1,1,1,1,1,1,1,1,1,0,1,2,1,1,2,2,1,1,1,1,2,5,1,1,1,1,1,1,1,1,1,,,,,,,,,,,,,,,,,,,,,,,,,,,,,,,,,,,
C. pseudoconcolor,,Ce. pseudoconcolor,R. Gianno,E302,BO,Ceratolobus,Indonesia,Sumatra,sterile,3.26,-3.43,104.1,104.16,100,,1.01,11,,7,18,8,,,,,,,,,1,0,4,2,1,1,1,1,1,1,1,1,1,1,1,1,1,1,1,1,1,3,2,7,2,1,1,2,1,2,1,1,1,2,1,1,1,1,1,0,2,1,1,1,3,1,1,3,1,1,1,2,1,1,1,1,1,1,,0,2,1,7,0,4,1,1,2,2,2,0,1,1,1,1,1,1,1,,,,,,,,,,,,,,,,,,,,,,,,,,,,,,,,,,,,,,,,,,,,,,,,,,,,,,,,,,,,,,,,,,,,,,,,,,,,,,,
C. subangulatus,,Ce. subangulatus,A. Church,1222,A,Ceratolobus,Indonesia,Borneo,pistillate,0.49,-0.81,112.03,112.05,110,,1.2,2,,12,21,2.2,,,,,,20.3,14.8,1,1,0,4,0,1,1,1,1,1,1,1,1,1,1,1,1,1,1,1,1,1,3,2,7,2,1,1,2,1,2,2,1,1,2,1,1,1,1,1,0,2,1,1,1,3,1,1,3,1,1,1,2,1,1,1,1,1,1,,1,2,1,7,0,1,1,1,2,2,2,0,1,1,1,0,1,1,1,1,1,0,0,1,1,1,1,1,1,3,4,1,1,1,1,1,1,1,1,1,1,0,1,2,1,1,2,2,1,1,1,1,2,5,1,1,1,1,1,1,1,1,1,,,,,,,,,,1,1,1,0,1,1,0,2,1,1,0,0,2,1,1,1,2,,,,,,,,,reddish-brown
C. subangulatus,,Ce. subangulatus,A. Church,2478,K,Ceratolobus,Indonesia,Borneo,pistillate,0.36,-0.6,112.38,112.63,750,5,0.79,0.5,,12,22.5,1.5,,,,,3.2,18.3,13,,,,,,,,,,,,,,,,,,,,,,,,,,,,,,,,,,,,,,,,,,,,,,,,,,,,,,,,,,,,,,,,,,,,,,,,,,,,,,,,,,,,,,,,,,,,,,,,,,,,,,,,,,,,,,,,,,,,,,,,,,,,,,,,,,,,,,,,,,,,,,,,,,,,,,,,,,,,,,
C. subangulatus,,Ce. subangulatus,A. Church,71,A,Ceratolobus,Indonesia,Borneo,pistillate,0.38,-0.63,112.17,112.28,350,,0.75,1,,14,15,1.3,,,,,,,,,1,0,4,0,1,1,1,1,1,1,1,1,1,1,1,1,1,1,1,1,1,3,2,7,2,1,1,2,1,2,2,1,1,2,1,1,1,1,1,0,2,1,1,1,3,1,1,3,1,1,1,2,1,1,1,1,1,1,,1,2,1,7,0,1,1,1,2,2,2,0,1,1,1,0,1,1,1,1,1,0,0,1,1,1,1,1,1,3,4,1,1,1,1,1,1,1,1,1,1,0,1,2,1,1,2,2,1,1,1,1,2,5,1,1,1,1,1,1,1,1,1,,,,,,,,,,1,1,1,0,1,1,0,2,1,1,0,0,2,1,1,1,2,,,,,,,,,reddish-brown
C. subangulatus,,Ce. subangulatus,A. Henderson,4053,NY,Ceratolobus,Malaysia,Borneo,sterile,1.36,1.6,110.11,110.18,,,,,,,,,,,,,,,,,,,,,,,,,,,,,,,,,,,,,,,,,,,,,,,,,,,,,,,,,,,,,,,,,,,,,,,,,,,,,,,,,,,,,,,,,,,,,,,,,,,,,,,,,,,,,,,,,,,,,,,,,,,,,,,,,,,,,,,,,,,,,,,,,,,,,,,,,,,,,,,,,,,,,,,,,,,,,
C. subangulatus,,Ce. subangulatus,A. Julius,FRI 57723,KEP,Ceratolobus,Malaysia,Peninsular,pistillate,4.41,4.68,100.49,100.81,984,,0.69,2.5,,,22,1.4,,,,,,,,,1,0,4,0,1,1,1,1,1,1,1,1,1,1,1,1,1,1,1,1,1,3,2,7,2,1,1,2,1,2,2,1,1,2,1,1,1,1,1,0,2,1,1,1,3,1,1,3,1,1,1,2,1,1,1,1,1,1,,1,2,1,7,1,1,1,1,2,2,2,0,1,1,1,,0,1,1,1,1,0,0,1,1,1,1,1,1,3,4,1,1,1,1,1,1,1,1,1,1,0,1,2,1,1,2,2,1,1,1,1,2,5,1,1,1,1,1,1,1,1,1,,,,,,,,,,1,1,1,0,1,1,0,2,1,1,0,0,2,1,1,1,2,,,,,,,,,
C. subangulatus,,Ce. subangulatus,A. Kalat,BRUN 15143,SING,Ceratolobus,Brunei,Borneo,pistillate,4.32,4.53,115.09,115.15,,3,1.25,0.5,,,,1.5,,,,,,,,,1,0,4,0,1,1,1,1,1,1,1,1,1,1,1,1,1,1,1,1,1,3,2,7,2,1,1,2,1,2,2,1,1,2,1,1,1,1,1,0,2,1,1,1,3,1,1,3,1,1,1,2,1,1,1,1,1,1,,1,2,1,7,1,1,1,1,2,2,2,0,1,1,1,0,1,1,1,1,1,0,0,1,1,1,1,1,1,3,4,1,1,1,1,1,1,1,1,1,1,0,1,2,1,1,2,2,1,1,1,1,2,5,1,1,1,1,1,1,1,1,1,,,,,,,,,,1,1,1,0,1,1,0,2,1,1,0,0,2,1,1,1,2,,,,,,,,,dark brown
C. subangulatus,,Ce. subangulatus,A. Mokhtar,44833,K,Ceratolobus,Malaysia,Borneo,pistillate,2.47,2.78,113.01,113.01,250,3,1.19,,,,16,1.6,,,,,3.5,20.7,16.4,,,,,,,,,,,,,,,,,,,,,,,,,,,,,,,,,,,,,,,,,,,,,,,,,,,,,,,,,,,,,,,,,,,,,,,,,,,,,,,,,,,,,,,,,,,,,,,,,,,,,,,,,,,,,,,,,,,,,,,,,,,,,,,,,,,,,,,,,,,,,,,,,,,,,,,,,,,,,,
C. subangulatus,,Ce. subangulatus,A. Mokhtar,S.44833,NY,Ceratolobus,Malaysia,Borneo,pistillate,2.47,2.78,113.01,113.01,250,3,1.48,1,,,26,1.8,,,,,5.5,19.2,16.9,,1,0,4,0,1,1,1,1,1,1,1,1,1,1,1,1,1,1,1,1,1,3,2,7,2,1,1,2,1,2,2,1,1,2,1,1,1,1,1,0,2,1,1,1,3,1,1,3,1,1,1,2,1,1,1,1,1,1,,1,2,1,7,0,,1,1,2,2,2,0,1,1,1,0,1,1,1,1,1,0,0,1,1,1,1,1,1,3,4,,1,1,1,1,1,,,,,0,1,2,1,1,2,2,1,1,1,1,2,,1,1,1,1,1,1,1,1,1,,,,,,,,,,1,1,1,0,1,1,0,2,1,1,0,0,2,1,1,1,2,0,1,1,0,2,1,1,0,light brown
C. subangulatus,,Ce. subangulatus,Banyeng,S.24497,BH,Ceratolobus,Malaysia,Borneo,pistillate,4.11,4.18,113.59,113.98,,3,1,2.3,57.5,11,26.5,1.4,,,,12,2.2,15,12.5,,1,0,4,0,1,1,1,1,1,1,1,1,1,1,1,1,1,1,1,1,1,3,2,7,2,1,1,2,1,2,2,1,1,2,1,1,1,1,1,0,2,1,1,1,3,1,1,3,1,1,1,2,1,1,1,1,1,1,,1,2,1,7,1,1,1,1,2,2,2,0,1,1,1,0,1,1,1,1,1,0,0,1,1,1,1,1,1,3,4,1,1,1,1,1,1,1,1,1,1,0,1,2,1,1,2,2,1,1,1,1,2,,1,1,1,1,1,1,1,1,1,,,,,,,,,,1,1,1,0,1,1,0,2,1,1,0,0,2,1,1,1,2,,,,,,,,,
C. subangulatus,,Ce. subangulatus,C. Awmack,353,BO,Ceratolobus,Indonesia,Borneo,pistillate,0.02,-0.03,116,116,175,2.5,0.79,1.5,40,8,23,1.8,,,,,,,,,,,,,,,,,,,,,,,,,,,,,,,,,,,,,,,,,,,,,,,,,,,,,,,,,,,,,,,,,,,,,,,,,,,,,,,,,,,,,,,,,,,,,,,,,,,,,,,,,,,,,,,,,,,,,,,,,,,,,,,,,,,,,,,,,,,,,,,,,,,,,,,,,,,,,,,,,,,,,
C. subangulatus,,Ce. subangulatus,C. Furtado,33078,BH,Ceratolobus,Malaysia,Peninsular,staminate,4.51,4.85,100.44,100.73,,,0.72,1.1,32.4,8,22.6,1.2,,22,1.5,,,,,,1,0,4,0,1,1,1,1,1,1,1,1,1,1,1,1,1,1,1,1,1,3,2,7,2,1,1,2,1,2,2,1,1,2,1,1,1,1,1,0,2,1,1,1,3,1,1,3,1,1,1,2,1,1,1,1,1,1,,1,2,1,7,1,1,1,1,2,2,2,0,1,1,1,0,1,1,1,1,1,0,0,1,1,1,1,1,1,3,4,1,1,1,1,1,1,1,1,1,1,0,1,2,1,1,2,2,1,1,1,1,2,5,1,1,1,1,1,1,1,1,1,2,1,2,,,,,,,,,,,,,,,,,,,,,,,,,,,,,,,,
C. subangulatus,,Ce. subangulatus,C. Furtado,33079,BH,Ceratolobus,Malaysia,Peninsular,sterile,4.52,4.86,100.45,100.75,,,0.53,1.5,,,18,1,,,,,,,,,1,0,4,0,1,1,1,1,1,1,1,1,1,1,1,1,1,1,1,1,1,3,2,7,2,1,1,2,1,2,2,1,1,2,1,1,1,1,1,0,2,1,1,1,3,1,1,3,1,1,1,2,1,1,1,1,1,1,,1,2,1,7,1,1,1,1,2,2,2,0,1,1,1,0,1,1,1,,,,,,,,,,,,,,,,,,,,,,,,,,,,,,,,,,,,,,,,,,,,,,,,,,,,,,,,,,,,,,,,,,,,,,,,,,,,,,,
C. subangulatus,,Ce. subangulatus,C. Hose,705,K,Ceratolobus,Malaysia,Borneo,pistillate,3.4,3.66,114.45,114.75,,,1.19,1,,,27.5,1.8,,,,,,18.5,13.3,,,,,,,,,,,,,,,,,,,,,,,,,,,,,,,,,,,,,,,,,,,,,,,,,,,,,,,,,,,,,,,,,,,,,,,,,,,,,,,,,,,,,,,,,,,,,,,,,,,,,,,,,,,,,,,,,,,,,,,,,,,,,,,,,,,,,,,,,,,,,,,,,,,,,,,,,,,,,,
C. subangulatus,,Ce. subangulatus,D. Hodel,1605,BH,Ceratolobus,Thailand,,sterile,5.49,5.81,101.44,101.73,400,10,0.87,3,60,14,23,1,,,,,,,,,1,0,4,0,1,1,1,1,1,1,1,1,1,1,1,1,1,1,1,1,1,3,2,7,2,1,1,2,1,2,2,1,1,2,1,1,1,1,1,0,2,1,1,1,3,1,1,3,1,1,1,2,1,1,1,1,1,1,,1,2,1,7,1,1,1,1,2,2,2,0,1,1,1,0,1,1,1,,,,,,,,,,,,,,,,,,,,,,,,,,,,,,,,,,,,,,,,,,,,,,,,,,,,,,,,,,,,,,,,,,,,,,,,,,,,,,,
C. subangulatus,,Ce. subangulatus,D. Simpson,2364,K,Ceratolobus,Brunei,Borneo,pistillate,4.2,4.33,115.09,115.15,250,1.8,0.95,,,,17,1.1,,,,,3.5,,,,1,0,4,0,1,1,1,1,1,1,1,1,1,1,1,1,1,1,1,1,1,3,2,7,2,1,1,2,1,2,2,1,1,2,1,1,1,1,1,0,2,1,1,1,3,1,1,3,1,1,1,2,1,1,1,1,1,1,,1,2,1,7,,1,0,1,2,2,2,0,1,1,1,0,1,1,1,1,1,0,0,1,1,1,1,1,1,3,4,1,1,1,1,1,1,1,1,1,1,0,1,2,1,1,2,2,1,1,1,1,2,5,1,1,1,1,1,1,1,1,1,,,,,,,,,,1,1,1,0,1,1,0,2,1,1,0,,,,,,,,,,,,,,,pale brown
C. subangulatus,,Ce. subangulatus,D. Sundaling,SAN 105580,K,Ceratolobus,Malaysia,Borneo,pistillate,4.42,4.7,116.29,116.48,,15,0.93,0.7,,15,16.5,1,,,,13,2.2,,,,,,,,,,,,,,,,,,,,,,,,,,,,,,,,,,,,,,,,,,,,,,,,,,,,,,,,,,,,,,,,,,,,,,,,,,,,,,,,,,,,,,,,,,,,,,,,,,,,,,,,,,,,,,,,,,,,,,,,,,,,,,,,,,,,,,,,,,,,,,,,,,,,,,,,,,,,,,,,
C. subangulatus,,Ce. subangulatus,D. Sundaling,SAN 134953,L,Ceratolobus,Malaysia,Borneo,?,5.16,5.26,117.07,117.11,550,10,,,,13,,,,,,,,,,1,1,0,4,0,1,1,1,1,1,1,1,1,1,1,1,1,1,1,1,1,1,3,2,7,2,1,1,2,1,2,2,1,1,2,1,1,1,1,1,0,2,1,1,1,3,1,1,3,1,1,1,2,1,1,1,1,1,1,,1,2,1,7,,1,0,1,2,2,2,,1,1,1,0,1,1,1,1,1,,0,1,1,1,1,1,1,3,4,1,1,1,1,1,1,1,1,1,1,0,1,2,1,1,2,2,1,1,1,1,2,5,1,1,1,1,1,1,1,1,1,,,,,,,,,,,,,,,,,,,,,,,,,,,,,,,,,,,
C. subangulatus,,Ce. subangulatus,Dr. King's collector,1879,K,Ceratolobus,Malaysia,Peninsular,pistillate,4.48,4.8,100.45,100.75,,,0.59,1,,,17,0.7,,,,,1.2,,,,,,,,,,,,,,,,,,,,,,,,,,,,,,,,,,,,,,,,,,,,,,,,,,,,,,,,,,,,,,,,,,,,,,,,,,,,,,,,,,,,,,,,,,,,,,,,,,,,,,,,,,,,,,,,,,,,,,,,,,,,,,,,,,,,,,,,,,,,,,,,,,,,,,,,,,,,,,,,
C. subangulatus,,Ce. subangulatus,Dr. King's collector,7953,K,Ceratolobus,Malaysia,Peninsular,pistillate,,,,,,,,,,,16,2.1,,,,,,24.1,17.1,,,,,,,,,,,,,,,,,,,,,,,,,,,,,,,,,,,,,,,,,,,,,,,,,,,,,,,,,,,,,,,,,,,,,,,,,,,,,,,,,,,,,,,,,,,,,,,,,,,,,,,,,,,,,,,,,,,,,,,,,,,,,,,,,,,,,,,,,,,,,,,,,,,,,,,,,,,,,,
C. subangulatus,,Ce. subangulatus,Dr. King's collector,7953,FI,Ceratolobus,Malaysia,Peninsular,pistillate,4.48,4.8,100.45,100.75,,,,,,,,,,,,,,23.8,18.2,,,,,,,,,,,,,,,,,,,,,,,,,,,,,,,,,,,,,,,,,,,,,,,,,,,,,,,,,,,,,,,,,,,,,,,,,,,,,,,,,,,,,,,,,,,,,,,,,,,,,,,,,,,,,,,,,,,,,,,,,,,,,,,,,,,,,,,,,,,,,,,,,,,,,,,,,,,,,,
C. subangulatus,,Ce. subangulatus,Dr. King's collector,8092,US,Ceratolobus,Malaysia,Peninsular,?,,,,,,,,,,,,,,,,,,,,,,,,,,,,,,,,,,,,,,,,,,,,,,,,,,,,,,,,,,,,,,,,,,,,,,,,,,,,,,,,1,2,1,,1,1,1,1,2,2,2,0,1,1,1,,1,1,1,,,,,,,,,,,,,,,,,,,,,,,,,,,,,,,,,,,,,,,,,,,,,,,,,,,,,,,,,,,,,,,,,,,,,,,,,,,,,,,
C. subangulatus,,Ce. subangulatus,E. Corner,30094,BH,Ceratolobus,Malaysia,Peninsular,sterile,4.19,4.31,103.1,103.16,,,0.68,0.5,48,8,18,1.6,,,,,,,,,1,0,4,0,1,1,1,1,1,1,1,1,1,1,1,1,1,1,1,1,1,3,2,7,2,1,1,2,1,2,2,1,1,2,1,1,1,1,1,0,2,1,1,1,3,1,1,3,1,1,1,2,1,1,1,1,1,1,,1,2,1,7,2,1,1,1,2,2,2,0,1,1,1,0,1,1,1,,,,,,,,,,,,,,,,,,,,,,,,,,,,,,,,,,,,,,,,,,,,,,,,,,,,,,,,,,,,,,,,,,,,,,,,,,,,,,,
C. subangulatus,,Ce. subangulatus,Fidilis,SAN 118843,L,Ceratolobus,Malaysia,Borneo,pistillate,,,,,,,,,,,,,,,,,,,,,1,0,4,0,1,1,1,1,1,1,1,1,1,1,1,1,1,1,1,1,1,3,2,7,2,1,1,2,1,2,2,1,1,2,1,1,1,1,1,0,2,1,1,1,3,1,1,3,1,1,1,2,1,1,1,1,1,1,,1,2,1,7,,1,0,1,2,2,2,,1,1,1,0,1,1,1,1,1,,0,1,1,1,1,1,1,3,4,1,1,1,1,1,1,1,1,1,1,0,1,2,1,1,2,2,1,1,1,1,2,5,1,1,1,1,1,1,1,1,1,,,,,,,,,,,1,1,0,1,1,0,2,1,1,0,0,2,1,1,1,2,,,,,,,,,brownish
C. subangulatus,,Ce. subangulatus,H. Christensen,1334,K,Ceratolobus,Malaysia,Borneo,pistillate,1.2,1.33,112.1,112.16,,3,0.7,1,,11,35,1.6,,,,,,,,,,,,,,,,,,,,,,,,,,,,,,,,,,,,,,,,,,,,,,,,,,,,,,,,,,,,,,,,,,,,,,,,,,,,,,,,,,,,,,,,,,,,,,,,,,,,,,,,,,,,,,,,,,,,,,,,,,,,,,,,,,,,,,,,,,,,,,,,,,,,,,,,,,,,,,,,,,,,,
C. subangulatus,,Ce. subangulatus,H. Christensen,1757,K,Ceratolobus,Malaysia,Borneo,pistillate,1.2,1.33,112.1,112.16,200,,0.73,2,,,20.5,1.1,,,,,,,,,,,,,,,,,,,,,,,,,,,,,,,,,,,,,,,,,,,,,,,,,,,,,,,,,,,,,,,,,,,,,,,,,,,,,,,,,,,,,,,,,,,,,,,,,,,,,,,,,,,,,,,,,,,,,,,,,,,,,,,,,,,,,,,,,,,,,,,,,,,,,,,,,,,,,,,,,,,,,
C. subangulatus,,Ce. subangulatus,H. Hallier,2758,FI,Ceratolobus,Indonesia,Borneo,pistillate,0.13,0.21,111.51,111.85,,,1.04,0.5,,,25.5,1.3,,,,,,,,,,,,,,,,,,,,,,,,,,,,,,,,,,,,,,,,,,,,,,,,,,,,,,,,,,,,,,,,,,,,,,,,,,,,,,,,,,,,,,,,,,,,,,,,,,,,,,,,,,,,,,,,,,,,,,,,,,,,,,,,,,,,,,,,,,,,,,,,,,,,,,,,,,,,,,,,,,,,,
C. subangulatus,,Ce. subangulatus,H. Kunstler,971,US,Ceratolobus,Malaysia,Peninsular,sterile,4.28,4.46,101.09,101.15,,,,,,,,,,,,,,,,,,,,,,,,,,,,,,,,,,,,,,,,,,,,,,,,,,,,,,,,,,,,,,,,,,,,,,,,,,,,1,2,1,7,1,1,1,1,2,2,2,0,1,1,1,,1,1,1,,,,,,,,,,,,,,,,,,,,,,,,,,,,,,,,,,,,,,,,,,,,,,,,,,,,,,,,,,,,,,,,,,,,,,,,,,,,,,,
C. subangulatus,,Ce. subangulatus,H. Ridley,3489,FI,Ceratolobus,Malaysia,Peninsular,pistillate,4.19,4.31,100.39,100.65,,,0.9,0.5,,,21.5,1.8,,,,13,1.5,18.2,12.5,,1,0,4,0,1,1,1,1,1,1,1,1,1,1,1,1,1,1,1,1,1,3,2,7,2,1,1,2,1,2,2,1,1,2,1,1,1,1,1,0,2,1,1,1,3,1,1,3,1,1,1,2,1,1,1,1,1,1,,1,2,1,7,0,1,1,1,2,2,2,0,1,1,1,0,1,1,1,1,1,0,0,1,1,1,1,1,1,3,4,1,1,1,1,1,1,1,1,1,1,0,1,2,1,1,2,2,1,1,1,1,2,,1,1,1,1,1,1,1,1,1,,,,,,,,,,,1,1,0,1,1,0,2,1,1,0,0,2,1,1,1,2,0,1,1,0,2,1,1,0,
C. subangulatus,,Ce. subangulatus,J. Ahmad,BRUN 15408,SING,Ceratolobus,Brunei,Borneo,pistillate,4.34,4.56,114.45,114.75,,4,0.76,0.3,,11,25,1.5,,,,19.5,,,,1,1,0,4,0,1,1,1,1,1,1,1,1,1,1,1,1,1,1,1,1,1,3,2,7,2,1,1,2,1,2,2,1,1,2,1,1,1,1,1,0,2,1,1,1,3,1,1,3,1,1,1,2,1,1,1,1,1,1,,1,2,1,7,1,1,1,1,2,2,2,0,1,1,1,0,1,1,1,,,,,,,,,,,,,,,,,,,,,,,,,,,,,,,,,,,,,,,,,,,,,,,,,,,,,,,,,,,,,,,,,,,,,,,,,,,,,,,
C. subangulatus,,Ce. subangulatus,J. Dransfield,3612,BO,Ceratolobus,Indonesia,Sumatra,pistillate,3.37,-3.61,102.39,102.65,700,10,1.14,,,13,24.5,2,,,,25,,,,,,,,,,,,,,,,,,,,,,,,,,,,,,,,,,,,,,,,,,,,,,,,,,,,,,,,,,,,,,,,,,,,,,,,,,,,,,,,,,,,,,,,,,,,,,,,,,,,,,,,,,,,,,,,,,,,,,,,,,,,,,,,,,,,,,,,,,,,,,,,,,,,,,,,,,,,,,,,,
C. subangulatus,,Ce. subangulatus,J. Dransfield,3617,K,Ceratolobus,Indonesia,Sumatra,staminate,3.37,-3.61,102.39,102.65,,,0.88,1,,,24,1.4,,20,,,,,,,,,,,,,,,,,,,,,,,,,,,,,,,,,,,,,,,,,,,,,,,,,,,,,,,,,,,,,,,,,,,,,,,,,,,,,,,,,,,,,,,,,,,,,,,,,,,,,,,,,,,,,,,,,,,,,,,,,,,,,,,,,,,,,,,,,,,,,,,,,,,,,,,,,,,,,,,,,,,
C. subangulatus,,Ce. subangulatus,J. Dransfield,4156,BO,Ceratolobus,Indonesia,Sumatra,pistillate,2.05,-2.08,101.14,101.23,500,15,0.83,0.5,,12,22.5,1.5,,,,,,17.4,11.5,1,1,0,4,0,1,1,1,1,1,1,1,1,1,1,1,1,1,1,1,1,1,3,2,7,2,1,1,2,1,2,2,1,1,2,1,1,1,1,1,0,2,1,1,1,3,1,1,3,1,1,1,2,1,1,1,1,1,1,,1,2,1,7,0,1,0,1,2,2,2,,1,1,1,0,1,1,1,1,1,0,0,1,1,1,1,1,1,3,4,1,1,1,1,1,1,1,1,1,1,0,1,2,1,1,2,2,1,1,1,1,2,5,1,1,1,1,1,1,1,1,1,,,,,,,,,,1,1,1,0,1,1,0,2,1,1,0,0,2,1,1,1,2,,,,,,,,,
C. subangulatus,,Ce. subangulatus,J. Dransfield,4472,SING,Ceratolobus,Malaysia,Peninsular,staminate,4.35,4.58,101.1,101.16,350,10,0.96,0.7,,8,20,1.7,,11.2,,,,,,1,1,0,4,0,1,1,1,1,1,1,1,1,1,1,1,1,1,1,1,1,1,3,2,7,2,1,1,2,1,2,2,1,1,2,1,1,1,1,1,0,2,1,1,1,3,1,1,3,1,1,1,2,1,1,1,1,1,1,,1,2,1,7,1,1,1,1,2,2,2,0,1,1,1,0,1,1,1,1,1,0,0,1,1,1,1,1,1,3,4,1,1,1,1,1,1,1,1,1,1,0,1,2,1,1,2,2,1,1,1,1,2,5,1,1,1,1,1,1,1,1,1,,1,,,,,,,,,,,,,,,,,,,,,,,,,,,,,,,,,
C. subangulatus,,Ce. subangulatus,J. Dransfield,4491,SING,Ceratolobus,Malaysia,Peninsular,pistillate,4.38,4.63,101.01,101.01,250,10,0.66,0.5,,8,18.5,1.1,,,,,,,,1,1,0,4,0,1,1,1,1,1,1,1,1,1,1,1,1,1,1,1,1,1,3,2,7,2,1,1,2,1,2,2,1,1,2,1,1,1,1,1,0,2,1,1,1,3,1,1,3,1,1,1,2,1,1,1,1,1,1,,1,2,1,7,1,1,1,1,2,2,2,0,1,1,1,0,1,1,1,1,1,0,0,1,1,1,1,1,1,3,4,1,1,1,1,1,1,1,1,1,1,0,1,2,1,1,2,2,1,1,1,1,2,5,1,1,1,1,1,1,1,1,1,,,,,,,,,,,,,,,,,,,,,,,,,,,,,,,,,,,
C. subangulatus,,Ce. subangulatus,J. Dransfield,4522,SING,Ceratolobus,Malaysia,Peninsular,pistillate,3.11,3.18,101.36,101.6,100,4,1.1,0,,10,15.3,2.4,,,,,2.5,,,1,1,0,4,0,1,1,1,1,1,1,1,1,1,1,1,1,1,1,1,1,1,3,2,7,2,1,1,2,1,2,2,1,1,2,1,1,1,1,1,0,2,1,1,1,3,1,1,3,1,1,1,2,1,1,1,1,1,1,,1,2,1,7,1,1,1,1,2,2,2,0,1,1,1,0,1,1,1,1,1,0,0,1,1,1,1,1,1,3,4,1,1,1,1,1,1,1,1,1,1,0,1,2,1,1,2,2,1,1,1,1,2,5,1,1,1,1,1,1,1,1,1,,,,,,,,,,1,1,1,0,1,1,0,2,1,1,0,0,2,1,1,1,2,,,,,,,,,
C. subangulatus,,Ce. subangulatus,J. Dransfield,5191,KEP,Ceratolobus,Malaysia,Peninsular,staminate,4.45,4.75,103.21,103.35,50,,0.82,,,,17,1.8,,15,,,,,,,1,0,4,0,1,1,1,1,1,1,1,1,1,1,1,1,1,1,1,1,1,3,2,7,2,1,1,2,1,2,2,1,1,2,1,1,1,1,1,0,2,1,1,1,3,1,1,3,1,1,1,2,1,1,1,1,1,1,,1,2,1,7,1,1,1,1,2,2,2,0,1,1,1,,,,1,1,1,0,0,1,1,1,1,1,1,3,4,1,1,1,1,1,1,1,1,1,1,0,1,2,1,1,2,2,1,1,1,1,2,5,1,1,1,1,1,1,1,1,1,,,,,,,,,,,,,,,,,,,,,,,,,,,,,,,,,,,
C. subangulatus,,Ce. subangulatus,J. Dransfield,5192,KEP,Ceratolobus,Malaysia,Peninsular,pistillate,4.45,4.75,103.21,103.35,50,,0.77,1.5,,,20.5,1.7,,,,,,17.8,13.5,,1,0,4,0,1,1,1,1,1,1,1,1,1,1,1,1,1,1,1,1,1,3,2,7,2,1,1,2,1,2,2,1,1,2,1,1,1,1,1,0,2,1,1,1,3,1,1,3,1,1,1,2,1,1,1,1,1,1,,1,2,1,7,1,1,1,1,2,2,2,0,1,1,1,0,0,1,1,1,1,0,0,1,1,1,1,1,1,3,4,1,1,1,1,1,1,1,1,1,1,0,1,2,1,1,2,2,1,1,1,1,2,,1,1,1,1,1,1,1,1,1,,,,,,,,,,1,1,1,0,1,1,0,2,1,1,0,0,2,1,1,1,2,,,,,,,,,
C. subangulatus,,Ce. subangulatus,J. Dransfield,5204,K,Ceratolobus,Malaysia,Peninsular,pistillate,4.17,4.28,103.17,103.28,50,,0.99,1.5,,,,2.5,,,,,,,,,,,,,,,,,,,,,,,,,,,,,,,,,,,,,,,,,,,,,,,,,,,,,,,,,,,,,,,,,,,,,,,,,,,,,,,,,,,,,,,,,,,,,,,,,,,,,,,,,,,,,,,,,,,,,,,,,,,,,,,,,,,,,,,,,,,,,,,,,,,,,,,,,,,,,,,,,,,,,
C. subangulatus,,Ce. subangulatus,J. Dransfield,5271,BH,Ceratolobus,Malaysia,Borneo,pistillate,4.03,4.05,114.55,114.933,250,10,0.64,0.3,32,8,17.7,1.2,,,,16.5,4.7,,,1,1,0,4,0,1,1,1,1,1,1,1,1,1,1,1,1,1,1,1,1,1,3,2,7,2,1,1,2,1,2,2,1,1,2,1,1,1,1,1,0,2,1,1,1,3,1,1,3,1,1,1,2,1,1,1,1,1,1,,1,2,1,7,1,1,1,1,2,2,2,0,1,1,1,0,1,1,1,1,1,0,0,1,1,1,1,1,1,3,4,1,1,1,1,1,1,1,1,1,1,0,1,2,1,1,2,2,1,1,1,1,2,,1,1,1,1,1,1,1,1,1,,,,,,,,,,,1,1,0,1,1,0,2,1,1,0,,,,,,,,,,,,,,,
C. subangulatus,,Ce. subangulatus,J. Dransfield,5753,BH,Ceratolobus,Malaysia,Borneo,sterile,5.51,5.85,117.3,117.5,,3,0.58,0.8,,14,,,,,,,,,,1,1,0,4,0,1,1,1,1,1,1,1,1,1,1,1,1,1,1,1,1,1,3,2,7,2,1,1,2,1,2,2,1,1,2,1,1,1,1,1,0,2,1,1,1,3,1,1,3,1,1,1,2,1,1,1,1,1,1,,1,2,1,7,0,1,0,1,2,2,2,0,1,1,1,0,1,1,1,,,,,,,,,,,,,,,,,,,,,,,,,,,,,,,,,,,,,,,,,,,,,,,,,,,,,,,,,,,,,,,,,,,,,,,,,,,,,,,
C. subangulatus,,Ce. subangulatus,J. Dransfield,5812,L,Ceratolobus,Malaysia,Borneo,staminate,5.39,5.65,117.46,117.76,100,5,,,,12,,,,,,,,,,1,1,0,4,0,1,1,1,1,1,1,1,1,1,1,1,1,1,1,1,1,1,3,2,7,2,1,1,2,1,2,2,1,1,2,1,1,1,1,1,0,2,1,1,1,3,1,1,3,1,1,1,2,1,1,1,1,1,1,,1,2,1,7,0,1,0,1,2,2,2,,1,1,1,0,1,1,1,1,1,0,0,1,1,1,1,1,1,3,4,1,1,1,1,1,1,1,1,1,1,0,1,2,1,1,2,2,1,1,1,1,2,5,1,1,1,1,1,1,1,1,1,,,,,,,,,,,,,,,,,,,,,,,,,,,,,,,,,,,
C. subangulatus,,Ce. subangulatus,J. Dransfield,5960,BH,Ceratolobus,Malaysia,Borneo,pistillate,4.12,4.2,113.59,113.98,100,15,1.16,,,13,,,,,,,,,,1,1,0,4,0,1,1,1,1,1,1,1,1,1,1,1,1,1,1,1,1,1,3,2,7,2,1,1,2,1,2,2,1,1,2,1,1,1,1,1,0,2,1,1,1,3,1,1,3,1,1,1,2,1,1,1,1,1,1,,1,2,1,7,1,1,0,1,2,2,2,0,1,1,1,0,1,1,1,1,1,0,0,1,1,1,1,1,1,3,4,1,1,1,1,1,1,1,1,1,1,0,1,2,1,1,2,2,1,1,1,1,2,5,1,1,1,1,1,1,1,1,1,,,,,,,,,,1,1,1,0,1,1,0,2,1,1,0,0,2,1,1,1,2,,,,,,,,,
C. subangulatus,,Ce. subangulatus,J. Dransfield,6576,SING,Ceratolobus,Brunei,Borneo,staminate,4.05,4.08,114.42,114.7,150,8,1.21,0.3,,13,17,1.8,,13.3,,,,,,1,1,0,4,0,1,1,1,1,1,1,1,1,1,1,1,1,1,1,1,1,1,3,2,7,2,1,1,2,1,2,2,1,1,2,1,1,1,1,1,0,2,1,1,1,3,1,1,3,1,1,1,2,1,1,1,1,1,1,,1,2,1,7,1,1,1,1,2,2,2,0,1,1,1,0,1,1,1,1,1,0,0,1,1,1,1,1,1,3,4,1,1,1,1,1,1,1,1,1,1,0,1,2,1,1,2,2,1,1,1,1,2,5,1,1,1,1,1,1,1,1,1,,,,,,,,,,,,,,,,,,,,,,,,,,,,,,,,,,,
C. subangulatus,,Ce. subangulatus,J. Dransfield,875,BH,Ceratolobus,Malaysia,Peninsular,staminate,4.38,4.63,101.01,101.01,90,6,0.73,0.7,33,12,16,1.4,,13,0.7,,,,,,1,0,4,0,1,1,1,1,1,1,1,1,1,1,1,1,1,1,1,1,1,3,2,7,2,1,1,2,1,2,2,1,1,2,1,1,1,1,1,0,2,1,1,1,3,1,1,3,1,1,1,2,1,1,1,1,1,1,,1,2,1,7,4,1,0,1,2,2,2,0,1,1,1,0,1,1,1,1,1,0,0,1,1,1,1,1,1,3,4,1,1,1,1,1,1,1,1,1,1,0,1,2,1,1,2,2,1,1,1,1,2,,1,1,1,1,1,1,1,1,1,2,1,,,,,,,,,,,,,,,,,,,,,,,,,,,,,,,,,
C. subangulatus,,Ce. subangulatus,J. Dransfield,883,BH,Ceratolobus,Malaysia,Peninsular,pist/stam,4.13,4.21,100.38,100.63,9,6,0.66,0.7,,,18,1.1,,,,13.5,,,,,1,0,4,0,1,1,1,1,1,1,1,1,1,1,1,1,1,1,1,1,1,3,2,7,2,1,1,2,1,2,2,1,1,2,1,1,1,1,1,0,2,1,1,1,3,1,1,3,1,1,1,2,1,1,1,1,1,1,,1,2,1,7,4,1,0,1,2,2,2,0,1,1,1,0,1,1,1,1,1,0,0,1,1,1,1,1,1,3,4,1,1,1,1,1,1,1,1,1,1,0,1,2,1,1,2,2,1,1,1,1,2,5,1,1,1,1,1,1,1,1,1,,,,,,,,,,1,1,1,0,1,1,0,2,1,1,0,0,2,1,1,1,2,,,,,,,,,
C. subangulatus,,Ce. subangulatus,J. Jarvie,5208,BO,Ceratolobus,Indonesia,Borneo,pistillate,0.43,-0.71,112.5,112.83,320,,0.73,1,,,18,1.4,,,,12,,,,,,,,,,,,,,,,,,,,,,,,,,,,,,,,,,,,,,,,,,,,,,,,,,,,,,,,,,,,,,,,,,,,,,,,,,,,,,,,,,,,,,,,,,,,,,,,,,,,,,,,,,,,,,,,,,,,,,,,,,,,,,,,,,,,,,,,,,,,,,,,,,,,,,,,,,,,,,,,,
C. subangulatus,,Ce. subangulatus,J. Mogea,4112,BO,Ceratolobus,Indonesia,Borneo,pistillate,0.5,-0.83,112.5,112.83,150,20,0.75,1,,,17,1.7,,,,10.5,,,,1,1,0,4,0,1,1,1,1,1,1,1,1,1,1,1,1,1,1,1,1,1,3,2,7,2,1,1,2,1,2,2,1,1,2,1,1,1,1,1,0,2,1,1,1,3,1,1,3,1,1,1,2,1,1,1,1,1,1,,1,2,1,7,,1,,1,2,2,2,,1,1,1,0,1,1,1,1,1,,0,1,1,1,1,1,1,3,4,1,1,1,1,1,1,1,1,1,1,0,1,2,1,1,2,2,1,1,1,1,2,5,1,1,1,1,1,1,1,1,1,,,,,,,,,,,,,,,,,,,,,,,,,,,,,,,,,,,
C. subangulatus,,Ce. subangulatus,J. Mogea,7401,BO,Ceratolobus,Indonesia,Borneo,staminate,1.4,-1.66,115.24,115.4,50,6,0.85,0.5,,15,23,1.2,,8,,,,,,,1,0,4,0,1,1,1,1,1,1,1,1,1,1,1,1,1,1,1,1,1,3,2,7,2,1,1,2,1,2,2,1,1,2,1,1,1,1,1,0,2,1,1,1,3,1,1,3,1,1,1,2,1,1,1,1,1,1,,1,2,1,7,0,1,1,1,2,2,2,,1,1,1,0,1,1,1,1,1,0,0,1,1,1,1,1,1,3,4,1,1,1,1,1,1,1,1,1,1,0,1,2,1,1,2,2,1,1,1,1,2,5,1,1,1,1,1,1,1,1,1,,,,,,,,,,,,,,,,,,,,,,,,,,,,,,,,,,,
C. subangulatus,,Ce. subangulatus,J. Van Valkenburg,1424,BO,Ceratolobus,Indonesia,Borneo,pistillate,0,0,116.3,116.5,100,20,0.77,2,55,15,16,1,,,,,,,,1,1,0,4,0,1,1,1,1,1,1,1,1,1,1,1,1,1,1,1,1,1,3,2,7,2,1,1,2,1,2,2,1,1,2,1,1,1,1,1,0,2,1,1,1,3,1,1,3,1,1,1,2,1,1,1,1,1,1,,1,2,1,7,,1,,1,2,2,2,,1,1,1,0,1,1,1,1,1,0,0,1,1,1,1,1,1,3,4,1,1,1,1,1,1,1,1,1,1,0,1,2,1,1,2,2,1,1,1,1,2,5,1,1,1,1,1,1,1,1,1,,,,,,,,,,,,,,,,,,,,,,,,,,,,,,,,,,,
C. subangulatus,,Ce. subangulatus,K. Wong,1186,K,Ceratolobus,Brunei,Borneo,pistillate,4.36,4.6,115.11,115.18,,,0.86,1,,11,16.5,0.9,,,,,3.5,,,,,,,,,,,,,,,,,,,,,,,,,,,,,,,,,,,,,,,,,,,,,,,,,,,,,,,,,,,,,,,,,,,,,,,,,,,,,,,,,,,,,,,,,,,,,,,,,,,,,,,,,,,,,,,,,,,,,,,,,,,,,,,,,,,,,,,,,,,,,,,,,,,,,,,,,,,,,,,,
C. subangulatus,,Ce. subangulatus,K. Wong,1739,K,Ceratolobus,Brunei,Borneo,?,4.31,4.52,115.15,115.25,530,,,,,10,,,,,,,,,,0,1,0,4,0,1,1,1,1,1,1,1,1,1,1,1,1,1,1,1,1,1,3,2,7,2,1,1,2,1,2,2,1,1,2,1,1,1,1,1,0,2,1,1,1,3,1,1,3,1,1,1,2,1,1,1,1,1,1,,1,2,1,7,0,1,1,1,2,2,2,,1,1,1,0,1,1,1,1,1,0,0,1,1,1,1,1,1,3,4,1,1,1,1,1,1,1,1,1,1,0,1,2,1,1,2,2,1,1,1,1,2,5,1,1,1,1,1,1,1,1,1,,,,,,,,,,,,,,,,,,,,,,,,,,,,,,,,,,,
C. subangulatus,,Ce. subangulatus,K. Wong,322,SING,Ceratolobus,Brunei,Borneo,pistillate,4.37,4.61,114.31,114.51,,,1.61,0.7,,,35.5,1.9,,,,21,2.2,19.1,14.8,1,1,0,4,0,1,1,1,1,1,1,1,1,1,1,1,1,1,1,1,1,1,3,2,7,2,1,1,2,1,2,2,1,1,2,1,1,1,1,1,0,2,1,1,1,3,1,1,3,1,1,1,2,1,1,1,1,1,1,,1,2,1,7,0,1,1,1,2,2,2,1,1,1,1,0,1,1,1,1,1,0,0,1,1,1,1,1,1,3,4,1,1,1,1,1,1,1,1,1,1,0,1,2,1,1,2,2,1,1,1,1,2,5,1,1,1,1,1,1,1,1,1,,,,,,,,,,1,1,1,0,1,1,0,2,1,1,0,0,2,1,1,1,2,,,,,,,,,
C. subangulatus,,Ce. subangulatus,M. Stockdale,MCS107,K,Ceratolobus,Indonesia,Borneo,pistillate,,,,,,5,0.99,0.7,,13,20,1.8,,,,,,,,,,,,,,,,,,,,,,,,,,,,,,,,,,,,,,,,,,,,,,,,,,,,,,,,,,,,,,,,,,,,,,,,,,,,,,,,,,,,,,,,,,,,,,,,,,,,,,,,,,,,,,,,,,,,,,,,,,,,,,,,,,,,,,,,,,,,,,,,,,,,,,,,,,,,,,,,,,,,,
C. subangulatus,,Ce. subangulatus,M. Stockdale,MCS52,K,Ceratolobus,Brunei,Borneo,sterile,4.33,4.55,115.09,115.15,1150,6,0.85,4.5,,,,,,,,,,,,,,,,,,,,,,,,,,,,,,,,,,,,,,,,,,,,,,,,,,,,,,,,,,,,,,,,,,,,,,,,,,,,,,,,,,,,,,,,,,,,,,,,,,,,,,,,,,,,,,,,,,,,,,,,,,,,,,,,,,,,,,,,,,,,,,,,,,,,,,,,,,,,,,,,,,,,,,,,,
C. subangulatus,,Ce. subangulatus,N. Manokaran,FRI 18545,KEP,Ceratolobus,Malaysia,Peninsular,pistillate,3.11,3.18,101.34,101.56,,2,0.9,1,,12,17.5,1,,,,20,,,,,1,0,4,0,1,1,1,1,1,1,1,1,1,1,1,1,1,1,1,1,1,3,2,7,2,1,1,2,1,2,2,1,1,2,1,1,1,1,1,0,2,1,1,1,3,1,1,3,1,1,1,2,1,1,1,1,1,1,,1,2,1,7,,1,1,1,2,2,2,0,1,1,1,0,0,1,1,1,1,,0,1,1,1,1,1,1,3,4,1,1,1,1,1,1,1,1,1,1,0,1,2,1,1,2,2,1,1,1,1,2,5,1,1,1,1,1,1,1,1,,,,,,,,,,,,,,,,,,,,,,,,,,,,,,,,,,,,
C. subangulatus,,Ce. subangulatus,N. Watanabe,NMW4,K,Ceratolobus,Indonesia,Borneo,pistillate,0.59,0.98,113.15,113.25,200,10,0.62,0.5,38,8,20.5,1.1,,,,,,,,,,,,,,,,,,,,,,,,,,,,,,,,,,,,,,,,,,,,,,,,,,,,,,,,,,,,,,,,,,,,,,,,,,,,,,,,,,,,,,,,,,,,,,,,,,,,,,,,,,,,,,,,,,,,,,,,,,,,,,,,,,,,,,,,,,,,,,,,,,,,,,,,,,,,,,,,,,,,,
C. subangulatus,,Ce. subangulatus,N. Watanabe,NMW56,K,Ceratolobus,Indonesia,Borneo,staminate,1.55,1.91,117.1,117.16,80,2,0.59,0.7,33,9,17,1.1,,9.5,0.7,,,,,,,,,,,,,,,,,,,,,,,,,,,,,,,,,,,,,,,,,,,,,,,,,,,,,,,,,,,,,,,,,,,,,,,,,,,,,,,,,,,,,,,,,,,,,,,,,,,,,,,,,,,,,,,,,,,,,,,,,,,,,,,,,,,,,,,,,,,,,,,,,,,,,,,,,,,,,,,,,,
C. subangulatus,,Ce. subangulatus,Native collector,1471,FI,Ceratolobus,Malaysia,Borneo,pistillate,,,,,,,1.23,1,,,25.5,2.5,,,,,,,,,,,,,,,,,,,,,,,,,,,,,,,,,,,,,,,,,,,,,,,,,,,,,,,,,,,,,,,,,,,,,,,,,,,,,,,,,,,,,,,,,,,,,,,,,,,,,,,,,,,,,,,,,,,,,,,,,,,,,,,,,,,,,,,,,,,,,,,,,,,,,,,,,,,,,,,,,,,,,
C. subangulatus,,Ce. subangulatus,O. Beccari,519,FI,Ceratolobus,Indonesia,Sumatra,pistillate,0.29,-0.48,100.2,100.33,,,1.04,0.5,,,28,1.6,,,,,,,,,1,0,4,0,1,1,1,1,1,1,1,1,1,1,1,1,1,1,1,1,1,3,2,7,2,1,1,2,1,2,2,1,1,2,1,1,1,1,1,0,2,1,1,1,3,1,1,3,1,1,1,2,1,1,1,1,1,1,,1,2,1,7,0,1,1,1,2,2,2,0,1,1,1,0,1,1,1,1,1,0,0,1,1,1,1,1,1,3,4,1,1,1,1,1,1,1,1,1,1,0,1,2,1,1,2,2,1,1,1,1,2,,1,1,1,1,1,1,1,1,1,,,,,,,,,,,1,1,0,1,1,0,2,1,1,0,0,2,1,1,1,2,0,1,1,0,2,1,1,0,
C. subangulatus,,Ce. subangulatus,P. Ashton,S.19602,BH,Ceratolobus,Malaysia,Borneo,pistillate,,,,,900,,0.75,1,42,12,23,1,,,,18,2.5,,,,1,0,4,0,1,1,1,1,1,1,1,1,1,1,1,1,1,1,1,1,1,3,2,7,2,1,1,2,1,2,2,1,1,2,1,1,1,1,1,0,2,1,1,1,3,1,1,3,1,1,1,2,1,1,1,1,1,1,,1,2,1,7,0,1,1,1,2,2,2,0,1,1,1,0,1,1,1,1,1,0,0,1,1,1,1,1,1,3,4,1,1,1,1,1,1,1,1,1,1,0,1,2,1,1,2,2,1,1,1,1,2,5,1,1,1,1,1,1,1,1,1,,,,,,,,,,1,1,1,0,1,1,0,2,1,1,0,0,2,1,1,1,2,,,,,,,,,brown
C. subangulatus,,Ce. subangulatus,P. Ashton,S.19774,BH,Ceratolobus,Malaysia,Borneo,pistillate,2,2,114.1,114.16,900,,0.63,,,,,,,,,,,18.7,14.3,,1,0,4,0,1,1,1,1,1,1,1,1,1,1,1,1,1,1,1,1,1,3,2,7,2,1,1,2,1,2,2,1,1,2,1,1,1,1,1,0,2,1,1,1,3,1,1,3,1,1,1,2,1,1,1,1,1,1,,1,2,1,7,1,1,1,1,2,2,2,0,1,1,1,0,1,1,1,1,1,0,0,1,1,1,1,1,1,3,4,1,1,1,1,1,1,1,1,1,1,0,1,2,1,1,2,2,1,1,1,1,2,5,1,1,1,1,1,1,1,1,1,,,,,,,,,,1,1,1,0,1,1,0,2,1,1,0,0,2,1,1,1,2,,,,,,,,,
C. subangulatus,,Ce. subangulatus,P. Ashton,S.22012,K,Ceratolobus,Malaysia,Borneo,pistillate,3.04,3.06,113.03,113.05,,,1.7,2,,13,23.3,2.6,,,,16.5,4.5,,,,1,0,4,0,1,1,1,1,1,1,1,1,1,1,1,1,1,1,1,1,1,3,2,7,2,1,1,2,1,2,2,1,1,2,1,1,1,1,1,0,2,1,1,1,3,1,1,3,1,1,1,2,1,1,1,1,1,1,,1,2,1,7,,1,1,1,2,2,2,,1,1,1,0,1,1,1,1,1,0,0,1,1,1,1,1,1,3,4,1,1,1,1,1,1,1,1,1,1,0,1,2,1,1,2,2,1,1,1,1,2,,1,1,1,1,1,1,1,1,1,,,,,,,,,,1,1,1,0,1,1,0,2,1,1,0,,,,,,,,,,,,,,,
C. subangulatus,,Ce. subangulatus,P. Chai,S.37298,BH,Ceratolobus,Malaysia,Borneo,pistillate,2.08,2.13,113.47,113.78,950,,0.7,1,,,19,1,,,,,3,20.2,15.2,1,1,0,4,0,1,1,1,1,1,1,1,1,1,1,1,1,1,1,1,1,1,3,2,7,2,1,1,2,1,2,2,1,1,2,1,1,1,1,1,0,2,1,1,1,3,1,1,3,1,1,1,2,1,1,1,1,1,1,1,1,2,1,7,0,1,1,1,2,2,2,0,1,1,1,0,1,1,1,1,1,0,0,1,1,1,1,1,1,3,4,1,1,1,1,1,1,1,1,1,1,0,1,2,1,1,2,2,1,1,1,1,2,,1,1,1,1,1,1,1,1,1,,,,,,,,,,1,1,1,0,1,1,0,2,1,1,0,0,2,1,1,1,2,,,,,,,,,brown
C. subangulatus,,Ce. subangulatus,P. Chai,S.39582,BH,Ceratolobus,Malaysia,Borneo,pistillate,4.03,4.05,114.56,114.93,75,,0.88,,,12,,,,,,18,,16.2,12.6,,1,0,4,0,1,1,1,1,1,1,1,1,1,1,1,1,1,1,1,1,1,3,2,7,2,1,1,2,1,2,2,1,1,2,1,1,1,1,1,0,2,1,1,1,3,1,1,3,1,1,1,2,1,1,1,1,1,1,,1,2,1,7,1,1,1,1,2,2,2,0,1,1,1,0,1,1,1,1,1,0,0,1,1,1,1,1,1,3,4,1,1,1,1,1,1,1,1,1,1,0,1,2,1,1,2,2,1,1,1,1,2,5,1,1,1,1,1,1,1,1,1,,,,,,,,,,1,1,1,0,1,1,0,2,1,1,0,0,2,1,1,1,2,,,,,,,,,chocolate brown
C. subangulatus,,Ce. subangulatus,S. Uhaedi,IDRC5,K,Ceratolobus,Indonesia,Sumatra,sterile,3.08,-3.13,102.12,102.2,,,,,,,,,,,,,,,,,,,,,,,,,,,,,,,,,,,,,,,,,,,,,,,,,,,,,,,,,,,,,,,,,,,,,,,,,,,,,,,,,,,,,,,,,,,,,,,,,,,,,,,,,,,,,,,,,,,,,,,,,,,,,,,,,,,,,,,,,,,,,,,,,,,,,,,,,,,,,,,,,,,,,,,,,,,,,
C. subangulatus,,Ce. subangulatus,Saw Leng Guan,FRI 37679,KEP,Ceratolobus,Malaysia,Peninsular,pistillate,4.39,4.65,100.5,100.83,250,,0.73,1,,,20,1.2,,,,,,,,1,1,0,4,0,1,1,1,1,1,1,1,1,1,1,1,1,1,1,1,1,1,3,2,7,2,1,1,2,1,2,2,1,1,2,1,1,1,1,1,0,2,1,1,1,3,1,1,3,1,1,1,2,1,1,1,1,1,1,,1,2,1,7,1,1,1,1,2,2,2,0,1,1,1,0,0,1,1,1,1,0,0,1,1,1,1,1,1,3,4,1,1,1,1,1,1,1,1,1,1,0,1,2,1,1,2,2,1,1,1,1,2,,1,1,1,1,1,1,1,1,1,,,,,,,,,,,1,1,0,1,1,0,2,1,1,0,0,2,1,1,1,2,,,,,,,,,orange
C. subangulatus,,Ce. subangulatus,Saw Leng Guan,FRI 44269,KEP,Ceratolobus,Malaysia,Peninsular,sterile,3.38,3.63,101.24,101.4,150,,0.51,0.5,,,11,0.8,,,,,,,,1,1,0,4,0,1,1,1,1,1,1,1,1,1,1,1,1,1,1,1,1,1,3,2,7,2,1,1,2,1,2,2,1,1,2,1,1,1,1,1,0,2,1,1,1,3,1,1,3,1,1,1,2,1,1,1,1,1,1,,1,2,1,7,1,1,1,1,2,2,2,0,1,1,1,0,1,1,1,,,,,,,,,,,,,,,,,,,,,,,,,,,,,,,,,,,,,,,,,,,,,,,,,,,,,,,,,,,,,,,,,,,,,,,,,,,,,,,
C. subangulatus,,Ce. subangulatus,Saw Leng Guan,FRI 48407,KEP,Ceratolobus,Malaysia,Peninsular,sterile,4.55,4.91,103.05,103.08,65,,0.52,2,,,13,1.1,,,,,,,,,1,0,4,0,1,1,1,1,1,1,1,1,1,1,1,1,1,1,1,1,1,3,2,7,2,1,1,2,1,2,2,1,1,2,1,1,1,1,1,0,2,1,1,1,3,1,1,3,1,1,1,2,1,1,1,1,1,1,,1,2,1,7,,1,1,1,2,2,2,0,1,1,1,0,0,1,1,,,,,,,,,,,,,,,,,,,,,,,,,,,,,,,,,,,,,,,,,,,,,,,,,,,,,,,,,,,,,,,,,,,,,,,,,,,,,,,
C. subangulatus,,Ce. subangulatus,T. Forsyth,TJF30,K,Ceratolobus,Indonesia,Sumatra,sterile,3.08,-3.13,101.4,101.66,1200,,0.84,0.7,,,21.5,1,,,,,,,,,,,,,,,,,,,,,,,,,,,,,,,,,,,,,,,,,,,,,,,,,,,,,,,,,,,,,,,,,,,,,,,,,,,,,,,,,,,,,,,,,,,,,,,,,,,,,,,,,,,,,,,,,,,,,,,,,,,,,,,,,,,,,,,,,,,,,,,,,,,,,,,,,,,,,,,,,,,,,
C. subangulatus,,Ce. subangulatus,V. Trichon,VT795,K,Ceratolobus,Indonesia,Sumatra,sterile,1.38,-1.63,101.38,101.63,300,,0.71,1,,,13,1.1,,,,,,,,,1,0,4,0,1,1,1,1,1,1,1,1,1,1,1,1,1,1,1,1,1,3,2,7,2,1,1,2,1,2,2,1,1,2,1,1,1,1,1,0,2,1,1,1,3,1,1,3,1,1,1,2,1,1,1,1,1,1,,1,2,1,7,0,1,0,1,2,2,2,0,1,1,1,0,1,1,1,,,,,,,,,,,,,,,,,,,,,,,,,,,,,,,,,,,,,,,,,,,,,,,,,,,,,,,,,,,,,,,,,,,,,,,,,,,,,,,
C. subangulatus,,Ce. subangulatus,W. Baker,500,KEP,Ceratolobus,Malaysia,Peninsular,sterile,3.1,3.16,101.4,101.66,100,6,0.6,0,,11,10,0.9,,,,,,,,1,1,0,4,0,1,1,1,1,1,1,1,1,1,1,1,1,1,1,1,1,1,3,2,7,2,1,1,2,1,2,2,1,1,2,1,1,1,1,1,0,2,1,1,1,3,1,1,3,1,1,1,2,1,1,1,1,1,1,,1,2,1,7,1,1,1,1,2,2,2,0,1,1,1,0,0,1,1,,,,,,,,,,,,,,,,,,,,,,,,,,,,,,,,,,,,,,,,,,,,,,,,,,,,,,,,,,,,,,,,,,,,,,,,,,,,,,,
C. subangulatus,,Ce. subangulatus,W. Baker,536,K,Ceratolobus,Brunei,Borneo,pistillate,4.36,4.6,115.11,115.18,300,5,1.32,1.5,,15,18,1.6,,,,19,2.8,,,,,,,,,,,,,,,,,,,,,,,,,,,,,,,,,,,,,,,,,,,,,,,,,,,,,,,,,,,,,,,,,,,,,,,,,,,,,,,,,,,,,,,,,,,,,,,,,,,,,,,,,,,,,,,,,,,,,,,,,,,,,,,,,,,,,,,,,,,,,,,,,,,,,,,,,,,,,,,,
C. subangulatus,,Ce. subangulatus,W. Meijer,4076,SING,Ceratolobus,Indonesia,Sumatra,sterile,0.26,-0.43,101.32,101.53,,,0.66,0,,,19.5,1.4,,,,,,,,,1,0,4,0,1,1,1,1,1,1,1,1,1,1,1,1,1,1,1,1,1,3,2,7,2,1,1,2,1,2,2,1,1,2,1,1,1,1,1,0,2,1,1,1,3,1,1,3,1,1,1,2,1,1,1,1,1,1,,1,2,1,7,4,1,1,1,2,2,2,0,1,1,1,0,1,1,1,,,,,,,,,,,,,,,,,,,,,,,,,,,,,,,,,,,,,,,,,,,,,,,,,,,,,,,,,,,,,,,,,,,,,,,,,,,,,,,
